site_id,cell_id,lon,lat
s0,14358,28.7294,-19.552439999999997
s0,34751,28.7294,-19.552439999999997
s0,34756,28.7294,-19.552439999999997
s0,34750,28.7294,-19.552439999999997
s0,34752,28.7294,-19.552439999999997
s0,34757,28.7294,-19.552439999999997
s0,34755,28.7294,-19.552439999999997
s0,34753,28.7294,-19.552439999999997
s0,34758,28.7294,-19.552439999999997
s0,34759,28.7294,-19.552439999999997
s0,34754,28.7294,-19.552439999999997
s0,35369,28.7294,-19.552439999999997
s0,35364,28.7294,-19.552439999999997
s0,35365,28.7294,-19.552439999999997
s0,35366,28.7294,-19.552439999999997
s0,35367,28.7294,-19.552439999999997
s1,14011,28.711978000000002,-19.508027
s1,14012,28.711978000000002,-19.508027
s1,14013,28.711978000000002,-19.508027
s1,14014,28.711978000000002,-19.508027
s1,34511,28.711978000000002,-19.508027
s1,34516,28.711978000000002,-19.508027
s1,34510,28.711978000000002,-19.508027
s1,34512,28.711978000000002,-19.508027
s1,34517,28.711978000000002,-19.508027
s1,34515,28.711978000000002,-19.508027
s1,34513,28.711978000000002,-19.508027
s1,34518,28.711978000000002,-19.508027
s1,34519,28.711978000000002,-19.508027
s2,20601,29.76889,-19.28715
s2,20602,29.76889,-19.28715
s2,20603,29.76889,-19.28715
s2,20604,29.76889,-19.28715
s2,40021,29.76889,-19.28715
s2,40022,29.76889,-19.28715
s2,40023,29.76889,-19.28715
s3,12211,28.839100000000002,-19.583399999999997
s3,12212,28.839100000000002,-19.583399999999997
s3,12213,28.839100000000002,-19.583399999999997
s3,34361,28.839100000000002,-19.583399999999997
s3,34366,28.839100000000002,-19.583399999999997
s3,34360,28.839100000000002,-19.583399999999997
s3,34362,28.839100000000002,-19.583399999999997
s3,34367,28.839100000000002,-19.583399999999997
s3,34365,28.839100000000002,-19.583399999999997
s3,34363,28.839100000000002,-19.583399999999997
s3,34368,28.839100000000002,-19.583399999999997
s3,34369,28.839100000000002,-19.583399999999997
s3,34364,28.839100000000002,-19.583399999999997
s3,35289,28.839100000000002,-19.583399999999997
s3,35284,28.839100000000002,-19.583399999999997
s3,35285,28.839100000000002,-19.583399999999997
s3,35286,28.839100000000002,-19.583399999999997
s3,35287,28.839100000000002,-19.583399999999997
s3,35280,28.839100000000002,-19.583399999999997
s3,35281,28.839100000000002,-19.583399999999997
s3,35282,28.839100000000002,-19.583399999999997
s4,12041,28.8459,-19.569560000000003
s4,12042,28.8459,-19.569560000000003
s4,12043,28.8459,-19.569560000000003
s4,12046,28.8459,-19.569560000000003
s4,34241,28.8459,-19.569560000000003
s4,34246,28.8459,-19.569560000000003
s4,34240,28.8459,-19.569560000000003
s4,34242,28.8459,-19.569560000000003
s4,34247,28.8459,-19.569560000000003
s4,34245,28.8459,-19.569560000000003
s4,34243,28.8459,-19.569560000000003
s4,34248,28.8459,-19.569560000000003
s4,34249,28.8459,-19.569560000000003
s4,34244,28.8459,-19.569560000000003
s4,35149,28.8459,-19.569560000000003
s4,35144,28.8459,-19.569560000000003
s4,35145,28.8459,-19.569560000000003
s4,35146,28.8459,-19.569560000000003
s4,35147,28.8459,-19.569560000000003
s5,21001,28.94142,-19.418954
s5,21002,28.94142,-19.418954
s5,21003,28.94142,-19.418954
s6,12141,28.8233,-19.54153
s6,12142,28.8233,-19.54153
s6,12143,28.8233,-19.54153
s6,34371,28.8233,-19.54153
s6,34376,28.8233,-19.54153
s6,34370,28.8233,-19.54153
s6,34372,28.8233,-19.54153
s6,34377,28.8233,-19.54153
s6,34375,28.8233,-19.54153
s6,34373,28.8233,-19.54153
s6,34378,28.8233,-19.54153
s6,34379,28.8233,-19.54153
s6,34374,28.8233,-19.54153
s6,35189,28.8233,-19.54153
s6,35184,28.8233,-19.54153
s6,35185,28.8233,-19.54153
s6,35186,28.8233,-19.54153
s6,35187,28.8233,-19.54153
s6,35180,28.8233,-19.54153
s6,35181,28.8233,-19.54153
s6,35182,28.8233,-19.54153
s7,12062,28.766741,-19.517217000000002
s7,12063,28.766741,-19.517217000000002
s7,12067,28.766741,-19.517217000000002
s7,35061,28.766741,-19.517217000000002
s7,35066,28.766741,-19.517217000000002
s7,35060,28.766741,-19.517217000000002
s7,35062,28.766741,-19.517217000000002
s7,35067,28.766741,-19.517217000000002
s7,35065,28.766741,-19.517217000000002
s7,35063,28.766741,-19.517217000000002
s7,35068,28.766741,-19.517217000000002
s7,35069,28.766741,-19.517217000000002
s8,20491,29.9498,-19.125733
s8,20492,29.9498,-19.125733
s8,20496,29.9498,-19.125733
s8,20497,29.9498,-19.125733
s8,20498,29.9498,-19.125733
s8,40361,29.9498,-19.125733
s8,40366,29.9498,-19.125733
s8,40360,29.9498,-19.125733
s8,40362,29.9498,-19.125733
s8,40367,29.9498,-19.125733
s8,40365,29.9498,-19.125733
s8,40363,29.9498,-19.125733
s8,40368,29.9498,-19.125733
s8,40369,29.9498,-19.125733
s9,20853,30.279376,-18.311427000000002
s10,20151,30.813271999999998,-19.330962
s10,20152,30.813271999999998,-19.330962
s10,20153,30.813271999999998,-19.330962
s11,21021,28.761912000000002,-19.172757
s11,21022,28.761912000000002,-19.172757
s11,21023,28.761912000000002,-19.172757
s11,21024,28.761912000000002,-19.172757
s12,20761,30.667788,-19.649962000000002
s12,20762,30.667788,-19.649962000000002
s13,22471,31.178800000000003,-19.620649999999998
s13,22472,31.178800000000003,-19.620649999999998
s13,22473,31.178800000000003,-19.620649999999998
s14,22361,30.3428,-20.40838
s14,22362,30.3428,-20.40838
s14,22363,30.3428,-20.40838
s15,22122,30.261209,-20.050111
s15,22123,30.261209,-20.050111
s15,22128,30.261209,-20.050111
s15,22127,30.261209,-20.050111
s15,40071,30.261209,-20.050111
s15,40076,30.261209,-20.050111
s15,40070,30.261209,-20.050111
s15,40072,30.261209,-20.050111
s15,40077,30.261209,-20.050111
s15,40075,30.261209,-20.050111
s15,40073,30.261209,-20.050111
s15,40078,30.261209,-20.050111
s15,40079,30.261209,-20.050111
s16,10091,28.70335,-19.50439
s16,10092,28.70335,-19.50439
s16,35021,28.70335,-19.50439
s16,35026,28.70335,-19.50439
s16,35020,28.70335,-19.50439
s16,35022,28.70335,-19.50439
s16,35027,28.70335,-19.50439
s16,35025,28.70335,-19.50439
s17,10191,28.7625,-19.51401
s18,12021,28.927500000000002,-19.679009999999998
s18,12022,28.927500000000002,-19.679009999999998
s18,12023,28.927500000000002,-19.679009999999998
s18,12024,28.927500000000002,-19.679009999999998
s18,12029,28.927500000000002,-19.679009999999998
s18,35511,28.927500000000002,-19.679009999999998
s18,35516,28.927500000000002,-19.679009999999998
s18,35510,28.927500000000002,-19.679009999999998
s18,35512,28.927500000000002,-19.679009999999998
s18,35517,28.927500000000002,-19.679009999999998
s18,35515,28.927500000000002,-19.679009999999998
s18,35513,28.927500000000002,-19.679009999999998
s18,35518,28.927500000000002,-19.679009999999998
s18,35519,28.927500000000002,-19.679009999999998
s18,35514,28.927500000000002,-19.679009999999998
s18,35679,28.927500000000002,-19.679009999999998
s18,35674,28.927500000000002,-19.679009999999998
s19,20571,30.016742,-19.049833
s19,20572,30.016742,-19.049833
s19,20573,30.016742,-19.049833
s19,20574,30.016742,-19.049833
s19,40481,30.016742,-19.049833
s19,40482,30.016742,-19.049833
s19,40483,30.016742,-19.049833
s20,10102,28.71275,-19.503529999999998
s20,10103,28.71275,-19.503529999999998
s20,10106,28.71275,-19.503529999999998
s20,34521,28.71275,-19.503529999999998
s20,34526,28.71275,-19.503529999999998
s20,34520,28.71275,-19.503529999999998
s20,34522,28.71275,-19.503529999999998
s20,34527,28.71275,-19.503529999999998
s20,34525,28.71275,-19.503529999999998
s20,34523,28.71275,-19.503529999999998
s20,34528,28.71275,-19.503529999999998
s20,34529,28.71275,-19.503529999999998
s21,12121,28.793100000000003,-19.52233
s21,12122,28.793100000000003,-19.52233
s21,12123,28.793100000000003,-19.52233
s21,12126,28.793100000000003,-19.52233
s21,12128,28.793100000000003,-19.52233
s21,34121,28.793100000000003,-19.52233
s21,34126,28.793100000000003,-19.52233
s21,34120,28.793100000000003,-19.52233
s21,34122,28.793100000000003,-19.52233
s21,34127,28.793100000000003,-19.52233
s21,34125,28.793100000000003,-19.52233
s21,34123,28.793100000000003,-19.52233
s21,34128,28.793100000000003,-19.52233
s21,34129,28.793100000000003,-19.52233
s21,34124,28.793100000000003,-19.52233
s21,35259,28.793100000000003,-19.52233
s21,35254,28.793100000000003,-19.52233
s21,35255,28.793100000000003,-19.52233
s21,35256,28.793100000000003,-19.52233
s21,35257,28.793100000000003,-19.52233
s21,35250,28.793100000000003,-19.52233
s21,35251,28.793100000000003,-19.52233
s21,35252,28.793100000000003,-19.52233
s22,12243,28.79817,-19.52247
s22,12246,28.79817,-19.52247
s22,12247,28.79817,-19.52247
s22,12248,28.79817,-19.52247
s22,34951,28.79817,-19.52247
s22,34956,28.79817,-19.52247
s22,34950,28.79817,-19.52247
s22,34952,28.79817,-19.52247
s22,34957,28.79817,-19.52247
s22,34955,28.79817,-19.52247
s22,34953,28.79817,-19.52247
s22,34958,28.79817,-19.52247
s22,34959,28.79817,-19.52247
s22,34954,28.79817,-19.52247
s22,35619,28.79817,-19.52247
s22,35614,28.79817,-19.52247
s23,12791,28.802929999999996,-19.528080000000003
s23,12793,28.802929999999996,-19.528080000000003
s23,12797,28.802929999999996,-19.528080000000003
s23,12798,28.802929999999996,-19.528080000000003
s23,34191,28.802929999999996,-19.528080000000003
s23,34196,28.802929999999996,-19.528080000000003
s23,34190,28.802929999999996,-19.528080000000003
s23,34192,28.802929999999996,-19.528080000000003
s23,34197,28.802929999999996,-19.528080000000003
s23,34195,28.802929999999996,-19.528080000000003
s23,34193,28.802929999999996,-19.528080000000003
s23,34198,28.802929999999996,-19.528080000000003
s23,34199,28.802929999999996,-19.528080000000003
s23,34194,28.802929999999996,-19.528080000000003
s23,35689,28.802929999999996,-19.528080000000003
s23,35684,28.802929999999996,-19.528080000000003
s23,35685,28.802929999999996,-19.528080000000003
s23,35686,28.802929999999996,-19.528080000000003
s23,35687,28.802929999999996,-19.528080000000003
s23,35680,28.802929999999996,-19.528080000000003
s23,35681,28.802929999999996,-19.528080000000003
s23,35682,28.802929999999996,-19.528080000000003
s24,14311,28.8367,-19.738970000000002
s24,14312,28.8367,-19.738970000000002
s24,14313,28.8367,-19.738970000000002
s25,22101,30.659755,-20.127333999999998
s25,22102,30.659755,-20.127333999999998
s25,22103,30.659755,-20.127333999999998
s25,22104,30.659755,-20.127333999999998
s26,22401,30.659754,-19.810814
s26,22402,30.659754,-19.810814
s26,22403,30.659754,-19.810814
s27,22171,30.270305,-20.025191
s27,22172,30.270305,-20.025191
s27,22173,30.270305,-20.025191
s27,22176,30.270305,-20.025191
s27,22177,30.270305,-20.025191
s27,22178,30.270305,-20.025191
s27,40291,30.270305,-20.025191
s27,40296,30.270305,-20.025191
s27,40290,30.270305,-20.025191
s27,40292,30.270305,-20.025191
s27,40297,30.270305,-20.025191
s27,40295,30.270305,-20.025191
s27,40293,30.270305,-20.025191
s27,40298,30.270305,-20.025191
s27,40299,30.270305,-20.025191
s28,22301,30.2453,-20.02279
s28,22302,30.2453,-20.02279
s28,22303,30.2453,-20.02279
s28,22304,30.2453,-20.02279
s28,40301,30.2453,-20.02279
s28,40306,30.2453,-20.02279
s28,40300,30.2453,-20.02279
s28,40302,30.2453,-20.02279
s28,40307,30.2453,-20.02279
s28,40305,30.2453,-20.02279
s28,40303,30.2453,-20.02279
s28,40308,30.2453,-20.02279
s28,40309,30.2453,-20.02279
s29,22511,29.494951,-20.473522
s29,22512,29.494951,-20.473522
s29,22513,29.494951,-20.473522
s30,22311,30.2583,-20.03857
s30,22316,30.2583,-20.03857
s30,22312,30.2583,-20.03857
s30,22313,30.2583,-20.03857
s30,22317,30.2583,-20.03857
s30,40241,30.2583,-20.03857
s30,40246,30.2583,-20.03857
s30,40240,30.2583,-20.03857
s30,40242,30.2583,-20.03857
s30,40247,30.2583,-20.03857
s30,40245,30.2583,-20.03857
s30,40243,30.2583,-20.03857
s30,40248,30.2583,-20.03857
s30,40249,30.2583,-20.03857
s31,22141,31.52543,-19.73688
s31,22142,31.52543,-19.73688
s31,22143,31.52543,-19.73688
s31,22144,31.52543,-19.73688
s32,22271,31.63342,-19.71632
s32,22272,31.63342,-19.71632
s32,22273,31.63342,-19.71632
s32,22274,31.63342,-19.71632
s33,20181,30.252202,-18.954544
s33,20182,30.252202,-18.954544
s33,20183,30.252202,-18.954544
s33,20188,30.252202,-18.954544
s33,40181,30.252202,-18.954544
s33,40183,30.252202,-18.954544
s33,40188,30.252202,-18.954544
s34,20711,30.09301,-20.108960000000003
s34,20712,30.09301,-20.108960000000003
s34,20713,30.09301,-20.108960000000003
s35,22461,31.161659999999998,-19.853369999999998
s35,22462,31.161659999999998,-19.853369999999998
s35,22463,31.161659999999998,-19.853369999999998
s36,10291,28.7288,-19.51483
s36,10292,28.7288,-19.51483
s36,10293,28.7288,-19.51483
s36,10296,28.7288,-19.51483
s36,10297,28.7288,-19.51483
s36,10298,28.7288,-19.51483
s36,34941,28.7288,-19.51483
s36,34946,28.7288,-19.51483
s36,34940,28.7288,-19.51483
s36,34942,28.7288,-19.51483
s36,34947,28.7288,-19.51483
s36,34945,28.7288,-19.51483
s36,34943,28.7288,-19.51483
s36,34948,28.7288,-19.51483
s36,34949,28.7288,-19.51483
s36,34944,28.7288,-19.51483
s36,35469,28.7288,-19.51483
s36,35464,28.7288,-19.51483
s36,35465,28.7288,-19.51483
s36,35466,28.7288,-19.51483
s36,35467,28.7288,-19.51483
s36,35460,28.7288,-19.51483
s36,35461,28.7288,-19.51483
s36,35462,28.7288,-19.51483
s37,12176,28.8354,-19.56089
s37,12177,28.8354,-19.56089
s37,12178,28.8354,-19.56089
s38,12071,28.829409,-19.546084999999998
s38,12072,28.829409,-19.546084999999998
s38,12073,28.829409,-19.546084999999998
s38,34961,28.829409,-19.546084999999998
s38,34966,28.829409,-19.546084999999998
s38,34960,28.829409,-19.546084999999998
s38,34962,28.829409,-19.546084999999998
s38,34967,28.829409,-19.546084999999998
s38,34965,28.829409,-19.546084999999998
s38,34963,28.829409,-19.546084999999998
s38,34968,28.829409,-19.546084999999998
s38,34969,28.829409,-19.546084999999998
s38,34964,28.829409,-19.546084999999998
s38,35119,28.829409,-19.546084999999998
s38,35114,28.829409,-19.546084999999998
s38,35115,28.829409,-19.546084999999998
s38,35116,28.829409,-19.546084999999998
s38,35117,28.829409,-19.546084999999998
s38,35110,28.829409,-19.546084999999998
s38,35111,28.829409,-19.546084999999998
s38,35112,28.829409,-19.546084999999998
s39,10081,28.790612,-19.508623
s39,10082,28.790612,-19.508623
s39,10083,28.790612,-19.508623
s39,10087,28.790612,-19.508623
s39,34011,28.790612,-19.508623
s39,34016,28.790612,-19.508623
s39,34010,28.790612,-19.508623
s39,34012,28.790612,-19.508623
s39,34017,28.790612,-19.508623
s39,34015,28.790612,-19.508623
s39,34013,28.790612,-19.508623
s39,34018,28.790612,-19.508623
s39,34019,28.790612,-19.508623
s39,34014,28.790612,-19.508623
s39,35309,28.790612,-19.508623
s39,35304,28.790612,-19.508623
s39,35305,28.790612,-19.508623
s39,35306,28.790612,-19.508623
s39,35307,28.790612,-19.508623
s39,35300,28.790612,-19.508623
s39,35301,28.790612,-19.508623
s39,35302,28.790612,-19.508623
s40,14122,28.736,-19.51296
s40,14127,28.736,-19.51296
s40,14128,28.736,-19.51296
s40,34691,28.736,-19.51296
s40,34696,28.736,-19.51296
s40,34690,28.736,-19.51296
s40,34692,28.736,-19.51296
s40,34697,28.736,-19.51296
s40,34695,28.736,-19.51296
s40,34693,28.736,-19.51296
s40,34698,28.736,-19.51296
s40,34699,28.736,-19.51296
s40,34694,28.736,-19.51296
s40,35479,28.736,-19.51296
s40,35474,28.736,-19.51296
s40,35475,28.736,-19.51296
s40,35476,28.736,-19.51296
s40,35477,28.736,-19.51296
s40,35470,28.736,-19.51296
s40,35471,28.736,-19.51296
s40,35472,28.736,-19.51296
s41,14032,28.728096999999998,-19.520191
s41,14033,28.728096999999998,-19.520191
s41,14036,28.728096999999998,-19.520191
s41,14038,28.728096999999998,-19.520191
s41,34701,28.728096999999998,-19.520191
s41,34706,28.728096999999998,-19.520191
s41,34700,28.728096999999998,-19.520191
s41,34702,28.728096999999998,-19.520191
s41,34707,28.728096999999998,-19.520191
s41,34705,28.728096999999998,-19.520191
s41,34703,28.728096999999998,-19.520191
s41,34708,28.728096999999998,-19.520191
s41,34709,28.728096999999998,-19.520191
s41,34704,28.728096999999998,-19.520191
s41,35379,28.728096999999998,-19.520191
s41,35374,28.728096999999998,-19.520191
s41,35375,28.728096999999998,-19.520191
s41,35376,28.728096999999998,-19.520191
s41,35377,28.728096999999998,-19.520191
s41,35370,28.728096999999998,-19.520191
s41,35371,28.728096999999998,-19.520191
s41,35372,28.728096999999998,-19.520191
s42,20331,29.955934,-19.117983000000002
s42,20332,29.955934,-19.117983000000002
s42,20333,29.955934,-19.117983000000002
s42,20334,29.955934,-19.117983000000002
s42,20336,29.955934,-19.117983000000002
s42,20337,29.955934,-19.117983000000002
s42,20338,29.955934,-19.117983000000002
s42,20339,29.955934,-19.117983000000002
s42,40111,29.955934,-19.117983000000002
s42,40116,29.955934,-19.117983000000002
s42,40110,29.955934,-19.117983000000002
s42,40112,29.955934,-19.117983000000002
s42,40117,29.955934,-19.117983000000002
s42,40115,29.955934,-19.117983000000002
s42,40113,29.955934,-19.117983000000002
s42,40118,29.955934,-19.117983000000002
s42,40119,29.955934,-19.117983000000002
s42,40114,29.955934,-19.117983000000002
s42,40349,29.955934,-19.117983000000002
s42,40344,29.955934,-19.117983000000002
s42,40345,29.955934,-19.117983000000002
s42,40346,29.955934,-19.117983000000002
s42,40347,29.955934,-19.117983000000002
s42,40340,29.955934,-19.117983000000002
s42,40341,29.955934,-19.117983000000002
s42,40342,29.955934,-19.117983000000002
s43,10011,28.743007999999996,-19.516258999999998
s43,10012,28.743007999999996,-19.516258999999998
s43,10013,28.743007999999996,-19.516258999999998
s43,10016,28.743007999999996,-19.516258999999998
s43,10017,28.743007999999996,-19.516258999999998
s43,10018,28.743007999999996,-19.516258999999998
s43,34931,28.743007999999996,-19.516258999999998
s43,34936,28.743007999999996,-19.516258999999998
s43,34930,28.743007999999996,-19.516258999999998
s43,34932,28.743007999999996,-19.516258999999998
s43,34937,28.743007999999996,-19.516258999999998
s43,34935,28.743007999999996,-19.516258999999998
s43,34933,28.743007999999996,-19.516258999999998
s43,34938,28.743007999999996,-19.516258999999998
s43,34939,28.743007999999996,-19.516258999999998
s43,34934,28.743007999999996,-19.516258999999998
s43,35809,28.743007999999996,-19.516258999999998
s43,35804,28.743007999999996,-19.516258999999998
s44,22151,30.803739,-20.136031
s44,22152,30.803739,-20.136031
s44,22153,30.803739,-20.136031
s44,22154,30.803739,-20.136031
s44,22156,30.803739,-20.136031
s44,22157,30.803739,-20.136031
s44,22158,30.803739,-20.136031
s44,22159,30.803739,-20.136031
s44,40061,30.803739,-20.136031
s44,40066,30.803739,-20.136031
s44,40060,30.803739,-20.136031
s44,40062,30.803739,-20.136031
s44,40067,30.803739,-20.136031
s44,40065,30.803739,-20.136031
s44,40063,30.803739,-20.136031
s44,40068,30.803739,-20.136031
s44,40069,30.803739,-20.136031
s45,22031,31.159429,-20.008136999999998
s45,22032,31.159429,-20.008136999999998
s45,22033,31.159429,-20.008136999999998
s45,22034,31.159429,-20.008136999999998
s46,10031,28.9217,-19.63795
s46,10032,28.9217,-19.63795
s46,10033,28.9217,-19.63795
s46,10034,28.9217,-19.63795
s46,10038,28.9217,-19.63795
s46,34151,28.9217,-19.63795
s46,34156,28.9217,-19.63795
s46,34150,28.9217,-19.63795
s46,34152,28.9217,-19.63795
s46,34157,28.9217,-19.63795
s46,34155,28.9217,-19.63795
s46,34153,28.9217,-19.63795
s46,34158,28.9217,-19.63795
s46,34159,28.9217,-19.63795
s47,14071,28.761,-19.52388
s47,14072,28.761,-19.52388
s47,14073,28.761,-19.52388
s47,34531,28.761,-19.52388
s47,34536,28.761,-19.52388
s47,34530,28.761,-19.52388
s47,34532,28.761,-19.52388
s47,34537,28.761,-19.52388
s47,34535,28.761,-19.52388
s47,34533,28.761,-19.52388
s47,34538,28.761,-19.52388
s47,34539,28.761,-19.52388
s47,34534,28.761,-19.52388
s47,35249,28.761,-19.52388
s47,35244,28.761,-19.52388
s47,35245,28.761,-19.52388
s47,35246,28.761,-19.52388
s47,35247,28.761,-19.52388
s47,35240,28.761,-19.52388
s47,35241,28.761,-19.52388
s47,35242,28.761,-19.52388
s48,10211,28.765842999999997,-19.522460000000002
s48,10212,28.765842999999997,-19.522460000000002
s48,10217,28.765842999999997,-19.522460000000002
s48,10213,28.765842999999997,-19.522460000000002
s48,34131,28.765842999999997,-19.522460000000002
s48,34136,28.765842999999997,-19.522460000000002
s48,34130,28.765842999999997,-19.522460000000002
s48,34132,28.765842999999997,-19.522460000000002
s48,34137,28.765842999999997,-19.522460000000002
s48,34135,28.765842999999997,-19.522460000000002
s48,34133,28.765842999999997,-19.522460000000002
s48,34138,28.765842999999997,-19.522460000000002
s48,34139,28.765842999999997,-19.522460000000002
s48,34134,28.765842999999997,-19.522460000000002
s48,35429,28.765842999999997,-19.522460000000002
s48,35424,28.765842999999997,-19.522460000000002
s48,35425,28.765842999999997,-19.522460000000002
s48,35426,28.765842999999997,-19.522460000000002
s48,35427,28.765842999999997,-19.522460000000002
s49,20642,28.758110000000002,-19.52053
s49,20643,28.758110000000002,-19.52053
s49,20646,28.758110000000002,-19.52053
s49,20647,28.758110000000002,-19.52053
s49,20648,28.758110000000002,-19.52053
s49,34021,28.758110000000002,-19.52053
s49,34026,28.758110000000002,-19.52053
s49,34020,28.758110000000002,-19.52053
s49,34022,28.758110000000002,-19.52053
s49,34027,28.758110000000002,-19.52053
s49,34025,28.758110000000002,-19.52053
s49,34023,28.758110000000002,-19.52053
s49,34028,28.758110000000002,-19.52053
s49,34029,28.758110000000002,-19.52053
s49,34024,28.758110000000002,-19.52053
s49,35239,28.758110000000002,-19.52053
s49,35234,28.758110000000002,-19.52053
s49,35235,28.758110000000002,-19.52053
s49,35236,28.758110000000002,-19.52053
s49,35237,28.758110000000002,-19.52053
s49,35230,28.758110000000002,-19.52053
s49,35231,28.758110000000002,-19.52053
s49,35232,28.758110000000002,-19.52053
s50,14061,28.765900000000002,-19.53233
s50,14062,28.765900000000002,-19.53233
s50,14063,28.765900000000002,-19.53233
s50,34541,28.765900000000002,-19.53233
s50,34546,28.765900000000002,-19.53233
s50,34540,28.765900000000002,-19.53233
s50,34542,28.765900000000002,-19.53233
s50,34547,28.765900000000002,-19.53233
s50,34545,28.765900000000002,-19.53233
s50,34543,28.765900000000002,-19.53233
s50,34548,28.765900000000002,-19.53233
s50,34549,28.765900000000002,-19.53233
s51,10231,28.765629999999998,-19.507730000000002
s51,10232,28.765629999999998,-19.507730000000002
s51,34851,28.765629999999998,-19.507730000000002
s51,34856,28.765629999999998,-19.507730000000002
s51,34850,28.765629999999998,-19.507730000000002
s51,34852,28.765629999999998,-19.507730000000002
s51,34857,28.765629999999998,-19.507730000000002
s51,34855,28.765629999999998,-19.507730000000002
s51,34853,28.765629999999998,-19.507730000000002
s51,34858,28.765629999999998,-19.507730000000002
s51,34859,28.765629999999998,-19.507730000000002
s52,20781,30.232754,-18.610627
s52,20782,30.232754,-18.610627
s52,20783,30.232754,-18.610627
s53,20241,30.286099999999998,-18.988500000000002
s53,20242,30.286099999999998,-18.988500000000002
s53,20243,30.286099999999998,-18.988500000000002
s53,20244,30.286099999999998,-18.988500000000002
s53,40031,30.286099999999998,-18.988500000000002
s53,40032,30.286099999999998,-18.988500000000002
s53,40033,30.286099999999998,-18.988500000000002
s53,40036,30.286099999999998,-18.988500000000002
s53,40037,30.286099999999998,-18.988500000000002
s53,40038,30.286099999999998,-18.988500000000002
s54,20191,30.289588000000002,-19.009996
s54,20192,30.289588000000002,-19.009996
s54,20193,30.289588000000002,-19.009996
s55,10281,28.780411,-19.522076
s55,10282,28.780411,-19.522076
s55,10283,28.780411,-19.522076
s55,34031,28.780411,-19.522076
s55,34036,28.780411,-19.522076
s55,34030,28.780411,-19.522076
s55,34032,28.780411,-19.522076
s55,34037,28.780411,-19.522076
s55,34035,28.780411,-19.522076
s55,34033,28.780411,-19.522076
s55,34038,28.780411,-19.522076
s55,34039,28.780411,-19.522076
s56,20831,29.776718000000002,-18.324841
s56,20832,29.776718000000002,-18.324841
s56,20833,29.776718000000002,-18.324841
s57,22501,29.694515000000003,-19.521407
s57,22502,29.694515000000003,-19.521407
s57,22503,29.694515000000003,-19.521407
s57,22504,29.694515000000003,-19.521407
s58,10226,28.764786,-19.520181
s58,10227,28.764786,-19.520181
s58,10228,28.764786,-19.520181
s58,34041,28.764786,-19.520181
s58,34046,28.764786,-19.520181
s58,34040,28.764786,-19.520181
s58,34042,28.764786,-19.520181
s58,34047,28.764786,-19.520181
s58,34045,28.764786,-19.520181
s58,34043,28.764786,-19.520181
s58,34048,28.764786,-19.520181
s58,34049,28.764786,-19.520181
s58,34044,28.764786,-19.520181
s58,35209,28.764786,-19.520181
s58,35204,28.764786,-19.520181
s58,35205,28.764786,-19.520181
s58,35206,28.764786,-19.520181
s58,35207,28.764786,-19.520181
s59,22391,30.152153,-19.891223
s59,22392,30.152153,-19.891223
s59,22393,30.152153,-19.891223
s60,21041,30.531962999999998,-20.063111999999997
s60,21042,30.531962999999998,-20.063111999999997
s60,21043,30.531962999999998,-20.063111999999997
s61,20281,29.617812999999998,-20.192874000000003
s61,20282,29.617812999999998,-20.192874000000003
s61,20283,29.617812999999998,-20.192874000000003
s61,20284,29.617812999999998,-20.192874000000003
s62,20501,29.38724,-19.023515
s62,20502,29.38724,-19.023515
s62,20503,29.38724,-19.023515
s63,20441,29.050988,-18.826045999999998
s63,20442,29.050988,-18.826045999999998
s63,20443,29.050988,-18.826045999999998
s64,20701,30.15174,-20.68141
s64,20702,30.15174,-20.68141
s64,20703,30.15174,-20.68141
s65,22351,30.412743,-20.067371
s65,22352,30.412743,-20.067371
s65,22353,30.412743,-20.067371
s66,14342,28.714118,-19.572077
s66,14346,28.714118,-19.572077
s66,14348,28.714118,-19.572077
s66,14343,28.714118,-19.572077
s66,34901,28.714118,-19.572077
s66,34906,28.714118,-19.572077
s66,34900,28.714118,-19.572077
s66,34902,28.714118,-19.572077
s66,34907,28.714118,-19.572077
s66,34905,28.714118,-19.572077
s66,34903,28.714118,-19.572077
s66,34908,28.714118,-19.572077
s66,34909,28.714118,-19.572077
s66,34904,28.714118,-19.572077
s66,35449,28.714118,-19.572077
s66,35444,28.714118,-19.572077
s66,35445,28.714118,-19.572077
s66,35446,28.714118,-19.572077
s66,35447,28.714118,-19.572077
s66,35440,28.714118,-19.572077
s66,35441,28.714118,-19.572077
s66,35442,28.714118,-19.572077
s67,10181,28.7711,-19.513260000000002
s67,10182,28.7711,-19.513260000000002
s67,10183,28.7711,-19.513260000000002
s67,10188,28.7711,-19.513260000000002
s67,34091,28.7711,-19.513260000000002
s67,34096,28.7711,-19.513260000000002
s67,34090,28.7711,-19.513260000000002
s67,34092,28.7711,-19.513260000000002
s67,34097,28.7711,-19.513260000000002
s67,34095,28.7711,-19.513260000000002
s67,34093,28.7711,-19.513260000000002
s67,34098,28.7711,-19.513260000000002
s67,34099,28.7711,-19.513260000000002
s67,34094,28.7711,-19.513260000000002
s67,35749,28.7711,-19.513260000000002
s67,35744,28.7711,-19.513260000000002
s67,35745,28.7711,-19.513260000000002
s67,35746,28.7711,-19.513260000000002
s67,35747,28.7711,-19.513260000000002
s67,35740,28.7711,-19.513260000000002
s67,35741,28.7711,-19.513260000000002
s67,35742,28.7711,-19.513260000000002
s68,20581,29.852051,-20.22577
s68,20582,29.852051,-20.22577
s68,20583,29.852051,-20.22577
s68,40521,29.852051,-20.22577
s68,40522,29.852051,-20.22577
s68,40523,29.852051,-20.22577
s69,22491,30.289726,-20.134078
s69,22492,30.289726,-20.134078
s69,22493,30.289726,-20.134078
s70,22551,30.761870000000002,-20.54203
s70,22552,30.761870000000002,-20.54203
s70,22553,30.761870000000002,-20.54203
s71,22541,30.7623,-19.874969999999998
s71,22542,30.7623,-19.874969999999998
s71,22543,30.7623,-19.874969999999998
s72,10141,28.77357,-19.51168
s72,10142,28.77357,-19.51168
s72,10143,28.77357,-19.51168
s72,34861,28.77357,-19.51168
s72,34866,28.77357,-19.51168
s72,34860,28.77357,-19.51168
s72,34862,28.77357,-19.51168
s72,34867,28.77357,-19.51168
s72,34865,28.77357,-19.51168
s72,34863,28.77357,-19.51168
s72,34868,28.77357,-19.51168
s72,34869,28.77357,-19.51168
s72,34864,28.77357,-19.51168
s72,35269,28.77357,-19.51168
s72,35264,28.77357,-19.51168
s72,35265,28.77357,-19.51168
s72,35266,28.77357,-19.51168
s72,35267,28.77357,-19.51168
s72,35260,28.77357,-19.51168
s72,35262,28.77357,-19.51168
s72,35261,28.77357,-19.51168
s73,20611,30.85791,-20.0597
s73,20612,30.85791,-20.0597
s73,20613,30.85791,-20.0597
s74,14211,28.746499999999997,-19.5347
s74,14217,28.746499999999997,-19.5347
s74,14218,28.746499999999997,-19.5347
s74,34711,28.746499999999997,-19.5347
s74,34716,28.746499999999997,-19.5347
s74,34710,28.746499999999997,-19.5347
s74,34712,28.746499999999997,-19.5347
s74,34717,28.746499999999997,-19.5347
s74,34715,28.746499999999997,-19.5347
s74,34713,28.746499999999997,-19.5347
s74,34718,28.746499999999997,-19.5347
s74,34719,28.746499999999997,-19.5347
s74,34714,28.746499999999997,-19.5347
s74,35399,28.746499999999997,-19.5347
s74,35394,28.746499999999997,-19.5347
s74,35395,28.746499999999997,-19.5347
s74,35396,28.746499999999997,-19.5347
s74,35397,28.746499999999997,-19.5347
s75,14111,28.764699999999998,-19.544
s75,14112,28.764699999999998,-19.544
s75,34331,28.764699999999998,-19.544
s75,34336,28.764699999999998,-19.544
s75,34330,28.764699999999998,-19.544
s75,34332,28.764699999999998,-19.544
s75,34337,28.764699999999998,-19.544
s75,34335,28.764699999999998,-19.544
s75,34333,28.764699999999998,-19.544
s75,34338,28.764699999999998,-19.544
s75,34339,28.764699999999998,-19.544
s76,14221,28.76939,-19.553724000000003
s76,14222,28.76939,-19.553724000000003
s76,14226,28.76939,-19.553724000000003
s76,14228,28.76939,-19.553724000000003
s76,34731,28.76939,-19.553724000000003
s76,34736,28.76939,-19.553724000000003
s76,34730,28.76939,-19.553724000000003
s76,34732,28.76939,-19.553724000000003
s76,34737,28.76939,-19.553724000000003
s76,34735,28.76939,-19.553724000000003
s76,34733,28.76939,-19.553724000000003
s76,34738,28.76939,-19.553724000000003
s76,34739,28.76939,-19.553724000000003
s77,21031,30.716732,-20.000002000000002
s77,21032,30.716732,-20.000002000000002
s77,21033,30.716732,-20.000002000000002
s77,21034,30.716732,-20.000002000000002
s78,12011,28.9603,-19.66418
s78,12012,28.9603,-19.66418
s78,12013,28.9603,-19.66418
s78,12019,28.9603,-19.66418
s78,34271,28.9603,-19.66418
s78,34276,28.9603,-19.66418
s78,34270,28.9603,-19.66418
s78,34272,28.9603,-19.66418
s78,34277,28.9603,-19.66418
s78,34275,28.9603,-19.66418
s78,34273,28.9603,-19.66418
s78,34278,28.9603,-19.66418
s78,34279,28.9603,-19.66418
s78,34274,28.9603,-19.66418
s78,35719,28.9603,-19.66418
s78,35714,28.9603,-19.66418
s78,35715,28.9603,-19.66418
s78,35716,28.9603,-19.66418
s78,35717,28.9603,-19.66418
s79,14231,28.7257,-19.551360000000003
s79,14236,28.7257,-19.551360000000003
s79,14232,28.7257,-19.551360000000003
s79,14233,28.7257,-19.551360000000003
s79,14234,28.7257,-19.551360000000003
s79,34181,28.7257,-19.551360000000003
s79,34186,28.7257,-19.551360000000003
s79,34180,28.7257,-19.551360000000003
s79,34182,28.7257,-19.551360000000003
s79,34187,28.7257,-19.551360000000003
s79,34185,28.7257,-19.551360000000003
s79,34183,28.7257,-19.551360000000003
s79,34188,28.7257,-19.551360000000003
s79,34189,28.7257,-19.551360000000003
s79,34184,28.7257,-19.551360000000003
s79,35329,28.7257,-19.551360000000003
s79,35324,28.7257,-19.551360000000003
s79,35325,28.7257,-19.551360000000003
s79,35326,28.7257,-19.551360000000003
s79,35327,28.7257,-19.551360000000003
s80,12191,28.868835,-19.586893
s80,12192,28.868835,-19.586893
s80,12193,28.868835,-19.586893
s80,34391,28.868835,-19.586893
s80,34396,28.868835,-19.586893
s80,34392,28.868835,-19.586893
s80,34397,28.868835,-19.586893
s80,34393,28.868835,-19.586893
s80,34398,28.868835,-19.586893
s80,34390,28.868835,-19.586893
s80,34395,28.868835,-19.586893
s80,34399,28.868835,-19.586893
s81,20751,30.453148,-18.410591
s81,20752,30.453148,-18.410591
s81,20753,30.453148,-18.410591
s81,40271,30.453148,-18.410591
s81,40276,30.453148,-18.410591
s81,40272,30.453148,-18.410591
s81,40277,30.453148,-18.410591
s81,40273,30.453148,-18.410591
s81,40278,30.453148,-18.410591
s82,20401,30.449978,-18.416512
s82,20402,30.449978,-18.416512
s82,20407,30.449978,-18.416512
s82,20403,30.449978,-18.416512
s83,20791,30.453205,-18.422075
s83,20792,30.453205,-18.422075
s83,20793,30.453205,-18.422075
s83,40471,30.453205,-18.422075
s83,40476,30.453205,-18.422075
s83,40472,30.453205,-18.422075
s83,40477,30.453205,-18.422075
s83,40473,30.453205,-18.422075
s83,40478,30.453205,-18.422075
s84,20841,29.777091,-18.428886
s84,20842,29.777091,-18.428886
s84,20843,29.777091,-18.428886
s85,22061,31.426211000000002,-19.722892
s85,22062,31.426211000000002,-19.722892
s85,22063,31.426211000000002,-19.722892
s85,22068,31.426211000000002,-19.722892
s85,40491,31.426211000000002,-19.722892
s85,40492,31.426211000000002,-19.722892
s85,40493,31.426211000000002,-19.722892
s85,40496,31.426211000000002,-19.722892
s85,40497,31.426211000000002,-19.722892
s85,40498,31.426211000000002,-19.722892
s86,12051,28.837899999999998,-19.56034
s86,12052,28.837899999999998,-19.56034
s86,12053,28.837899999999998,-19.56034
s86,34281,28.837899999999998,-19.56034
s86,34286,28.837899999999998,-19.56034
s86,34280,28.837899999999998,-19.56034
s86,34282,28.837899999999998,-19.56034
s86,34287,28.837899999999998,-19.56034
s86,34285,28.837899999999998,-19.56034
s86,34283,28.837899999999998,-19.56034
s86,34288,28.837899999999998,-19.56034
s86,34289,28.837899999999998,-19.56034
s86,34284,28.837899999999998,-19.56034
s86,35179,28.837899999999998,-19.56034
s86,35174,28.837899999999998,-19.56034
s86,35175,28.837899999999998,-19.56034
s86,35176,28.837899999999998,-19.56034
s86,35177,28.837899999999998,-19.56034
s86,35170,28.837899999999998,-19.56034
s86,35171,28.837899999999998,-19.56034
s86,35172,28.837899999999998,-19.56034
s87,20551,29.839595,-18.972250000000003
s87,20552,29.839595,-18.972250000000003
s87,20553,29.839595,-18.972250000000003
s87,20554,29.839595,-18.972250000000003
s88,20671,30.040242999999997,-18.852123
s88,20672,30.040242999999997,-18.852123
s88,20673,30.040242999999997,-18.852123
s89,20481,29.766706,-18.499986
s89,20482,29.766706,-18.499986
s89,20483,29.766706,-18.499986
s89,20486,29.766706,-18.499986
s89,20487,29.766706,-18.499986
s89,20488,29.766706,-18.499986
s89,40281,29.766706,-18.499986
s89,40282,29.766706,-18.499986
s89,40283,29.766706,-18.499986
s90,20231,29.082442999999998,-18.874019
s90,20232,29.082442999999998,-18.874019
s90,20233,29.082442999999998,-18.874019
s90,20237,29.082442999999998,-18.874019
s90,20238,29.082442999999998,-18.874019
s90,40161,29.082442999999998,-18.874019
s90,40162,29.082442999999998,-18.874019
s90,40167,29.082442999999998,-18.874019
s90,40163,29.082442999999998,-18.874019
s90,40168,29.082442999999998,-18.874019
s90,40169,29.082442999999998,-18.874019
s90,40166,29.082442999999998,-18.874019
s90,40160,29.082442999999998,-18.874019
s90,40165,29.082442999999998,-18.874019
s91,20531,28.885225,-19.060772
s91,20532,28.885225,-19.060772
s91,20533,28.885225,-19.060772
s91,20534,28.885225,-19.060772
s92,20861,30.84138,-19.10866
s92,20862,30.84138,-19.10866
s92,20863,30.84138,-19.10866
s93,22081,30.782600000000002,-20.1434
s93,22082,30.782600000000002,-20.1434
s93,22083,30.782600000000002,-20.1434
s93,22084,30.782600000000002,-20.1434
s93,40321,30.782600000000002,-20.1434
s93,40326,30.782600000000002,-20.1434
s93,40322,30.782600000000002,-20.1434
s93,40327,30.782600000000002,-20.1434
s93,40323,30.782600000000002,-20.1434
s93,40328,30.782600000000002,-20.1434
s94,22091,30.810299999999998,-20.116210000000002
s94,22092,30.810299999999998,-20.116210000000002
s94,22093,30.810299999999998,-20.116210000000002
s94,22098,30.810299999999998,-20.116210000000002
s94,22096,30.810299999999998,-20.116210000000002
s94,22097,30.810299999999998,-20.116210000000002
s94,40251,30.810299999999998,-20.116210000000002
s94,40256,30.810299999999998,-20.116210000000002
s94,40250,30.810299999999998,-20.116210000000002
s94,40252,30.810299999999998,-20.116210000000002
s94,40257,30.810299999999998,-20.116210000000002
s94,40255,30.810299999999998,-20.116210000000002
s94,40253,30.810299999999998,-20.116210000000002
s94,40258,30.810299999999998,-20.116210000000002
s94,40259,30.810299999999998,-20.116210000000002
s94,40254,30.810299999999998,-20.116210000000002
s94,35759,30.810299999999998,-20.116210000000002
s94,35754,30.810299999999998,-20.116210000000002
s94,35755,30.810299999999998,-20.116210000000002
s94,35756,30.810299999999998,-20.116210000000002
s94,35757,30.810299999999998,-20.116210000000002
s94,35750,30.810299999999998,-20.116210000000002
s94,35751,30.810299999999998,-20.116210000000002
s94,35752,30.810299999999998,-20.116210000000002
s95,10151,28.78539,-19.51559
s95,10152,28.78539,-19.51559
s95,10157,28.78539,-19.51559
s95,10158,28.78539,-19.51559
s95,35081,28.78539,-19.51559
s95,35086,28.78539,-19.51559
s95,35080,28.78539,-19.51559
s95,35082,28.78539,-19.51559
s95,35087,28.78539,-19.51559
s95,35085,28.78539,-19.51559
s95,35083,28.78539,-19.51559
s95,35088,28.78539,-19.51559
s95,35089,28.78539,-19.51559
s95,35084,28.78539,-19.51559
s95,35639,28.78539,-19.51559
s95,35634,28.78539,-19.51559
s96,20621,28.821559999999998,-19.534689999999998
s96,20622,28.821559999999998,-19.534689999999998
s96,20623,28.821559999999998,-19.534689999999998
s96,35541,28.821559999999998,-19.534689999999998
s96,35546,28.821559999999998,-19.534689999999998
s96,35540,28.821559999999998,-19.534689999999998
s96,35542,28.821559999999998,-19.534689999999998
s96,35547,28.821559999999998,-19.534689999999998
s96,35545,28.821559999999998,-19.534689999999998
s96,35543,28.821559999999998,-19.534689999999998
s96,35548,28.821559999999998,-19.534689999999998
s96,35549,28.821559999999998,-19.534689999999998
s97,10702,28.7843,-19.52806
s97,10703,28.7843,-19.52806
s97,34142,28.7843,-19.52806
s97,34147,28.7843,-19.52806
s97,34143,28.7843,-19.52806
s97,34148,28.7843,-19.52806
s98,10201,28.7556,-19.530842
s98,10202,28.7556,-19.530842
s98,10203,28.7556,-19.530842
s98,10206,28.7556,-19.530842
s98,10207,28.7556,-19.530842
s98,10208,28.7556,-19.530842
s98,34741,28.7556,-19.530842
s98,34746,28.7556,-19.530842
s98,34740,28.7556,-19.530842
s98,34742,28.7556,-19.530842
s98,34747,28.7556,-19.530842
s98,34745,28.7556,-19.530842
s98,34743,28.7556,-19.530842
s98,34748,28.7556,-19.530842
s98,34749,28.7556,-19.530842
s98,34744,28.7556,-19.530842
s98,35389,28.7556,-19.530842
s98,35384,28.7556,-19.530842
s98,35385,28.7556,-19.530842
s98,35386,28.7556,-19.530842
s98,35387,28.7556,-19.530842
s99,14172,28.752319999999997,-19.511884000000002
s99,14173,28.752319999999997,-19.511884000000002
s99,14171,28.752319999999997,-19.511884000000002
s99,14176,28.752319999999997,-19.511884000000002
s99,34761,28.752319999999997,-19.511884000000002
s99,34766,28.752319999999997,-19.511884000000002
s99,34760,28.752319999999997,-19.511884000000002
s99,34762,28.752319999999997,-19.511884000000002
s99,34767,28.752319999999997,-19.511884000000002
s99,34765,28.752319999999997,-19.511884000000002
s99,34763,28.752319999999997,-19.511884000000002
s99,34768,28.752319999999997,-19.511884000000002
s99,34769,28.752319999999997,-19.511884000000002
s100,12131,28.804949999999998,-19.52279
s100,12133,28.804949999999998,-19.52279
s100,12137,28.804949999999998,-19.52279
s100,34401,28.804949999999998,-19.52279
s100,34406,28.804949999999998,-19.52279
s100,34400,28.804949999999998,-19.52279
s100,34402,28.804949999999998,-19.52279
s100,34407,28.804949999999998,-19.52279
s100,34405,28.804949999999998,-19.52279
s100,34403,28.804949999999998,-19.52279
s100,34408,28.804949999999998,-19.52279
s100,34409,28.804949999999998,-19.52279
s100,34404,28.804949999999998,-19.52279
s100,35669,28.804949999999998,-19.52279
s100,35664,28.804949999999998,-19.52279
s101,12081,28.816000000000003,-19.53262
s101,12082,28.816000000000003,-19.53262
s101,12083,28.816000000000003,-19.53262
s101,34291,28.816000000000003,-19.53262
s101,34296,28.816000000000003,-19.53262
s101,34290,28.816000000000003,-19.53262
s101,34292,28.816000000000003,-19.53262
s101,34297,28.816000000000003,-19.53262
s101,34295,28.816000000000003,-19.53262
s101,34293,28.816000000000003,-19.53262
s101,34298,28.816000000000003,-19.53262
s101,34299,28.816000000000003,-19.53262
s101,34294,28.816000000000003,-19.53262
s101,35229,28.816000000000003,-19.53262
s101,35224,28.816000000000003,-19.53262
s101,35225,28.816000000000003,-19.53262
s101,35226,28.816000000000003,-19.53262
s101,35227,28.816000000000003,-19.53262
s101,35220,28.816000000000003,-19.53262
s101,35221,28.816000000000003,-19.53262
s101,35222,28.816000000000003,-19.53262
s102,10381,28.794953,-19.51791
s102,10382,28.794953,-19.51791
s102,10383,28.794953,-19.51791
s102,34061,28.794953,-19.51791
s102,34066,28.794953,-19.51791
s102,34060,28.794953,-19.51791
s102,34062,28.794953,-19.51791
s102,34067,28.794953,-19.51791
s102,34065,28.794953,-19.51791
s102,34063,28.794953,-19.51791
s102,34068,28.794953,-19.51791
s102,34069,28.794953,-19.51791
s102,34064,28.794953,-19.51791
s102,35219,28.794953,-19.51791
s102,35214,28.794953,-19.51791
s102,35215,28.794953,-19.51791
s102,35216,28.794953,-19.51791
s102,35217,28.794953,-19.51791
s102,35210,28.794953,-19.51791
s102,35211,28.794953,-19.51791
s102,35212,28.794953,-19.51791
s103,10041,28.7616,-19.51599
s103,10042,28.7616,-19.51599
s103,10043,28.7616,-19.51599
s103,10047,28.7616,-19.51599
s103,34871,28.7616,-19.51599
s103,34876,28.7616,-19.51599
s103,34870,28.7616,-19.51599
s103,34872,28.7616,-19.51599
s103,34877,28.7616,-19.51599
s103,34875,28.7616,-19.51599
s103,34873,28.7616,-19.51599
s103,34878,28.7616,-19.51599
s103,34879,28.7616,-19.51599
s103,34874,28.7616,-19.51599
s103,35169,28.7616,-19.51599
s103,35164,28.7616,-19.51599
s103,35165,28.7616,-19.51599
s103,35166,28.7616,-19.51599
s103,35167,28.7616,-19.51599
s103,35160,28.7616,-19.51599
s103,35161,28.7616,-19.51599
s103,35162,28.7616,-19.51599
s104,10071,28.7775,-19.51279
s104,10072,28.7775,-19.51279
s104,10073,28.7775,-19.51279
s104,34081,28.7775,-19.51279
s104,34086,28.7775,-19.51279
s104,34080,28.7775,-19.51279
s104,34082,28.7775,-19.51279
s104,34087,28.7775,-19.51279
s104,34085,28.7775,-19.51279
s104,34083,28.7775,-19.51279
s104,34088,28.7775,-19.51279
s104,34089,28.7775,-19.51279
s104,34084,28.7775,-19.51279
s104,35109,28.7775,-19.51279
s104,35104,28.7775,-19.51279
s104,35105,28.7775,-19.51279
s104,35106,28.7775,-19.51279
s104,35107,28.7775,-19.51279
s104,35100,28.7775,-19.51279
s104,35101,28.7775,-19.51279
s104,35102,28.7775,-19.51279
s105,12161,28.8067,-19.534860000000002
s105,12162,28.8067,-19.534860000000002
s105,12163,28.8067,-19.534860000000002
s105,34411,28.8067,-19.534860000000002
s105,34416,28.8067,-19.534860000000002
s105,34410,28.8067,-19.534860000000002
s105,34412,28.8067,-19.534860000000002
s105,34417,28.8067,-19.534860000000002
s105,34415,28.8067,-19.534860000000002
s105,34413,28.8067,-19.534860000000002
s105,34418,28.8067,-19.534860000000002
s105,34419,28.8067,-19.534860000000002
s105,34414,28.8067,-19.534860000000002
s105,35059,28.8067,-19.534860000000002
s105,35054,28.8067,-19.534860000000002
s105,35055,28.8067,-19.534860000000002
s105,35056,28.8067,-19.534860000000002
s105,35057,28.8067,-19.534860000000002
s105,35050,28.8067,-19.534860000000002
s105,35051,28.8067,-19.534860000000002
s105,35052,28.8067,-19.534860000000002
s106,22071,31.661711,-19.538191
s106,22072,31.661711,-19.538191
s106,22073,31.661711,-19.538191
s107,10301,28.761934,-19.30168
s107,10302,28.761934,-19.30168
s107,10303,28.761934,-19.30168
s108,22321,30.307411000000002,-20.291808000000003
s108,22322,30.307411000000002,-20.291808000000003
s108,22323,30.307411000000002,-20.291808000000003
s109,12181,28.855,-19.614330000000002
s109,12182,28.855,-19.614330000000002
s109,12183,28.855,-19.614330000000002
s109,34421,28.855,-19.614330000000002
s109,34426,28.855,-19.614330000000002
s109,34420,28.855,-19.614330000000002
s109,34422,28.855,-19.614330000000002
s109,34427,28.855,-19.614330000000002
s109,34425,28.855,-19.614330000000002
s109,34423,28.855,-19.614330000000002
s109,34428,28.855,-19.614330000000002
s109,34429,28.855,-19.614330000000002
s109,34424,28.855,-19.614330000000002
s109,35359,28.855,-19.614330000000002
s109,35354,28.855,-19.614330000000002
s109,35355,28.855,-19.614330000000002
s109,35356,28.855,-19.614330000000002
s109,35357,28.855,-19.614330000000002
s109,35350,28.855,-19.614330000000002
s109,35351,28.855,-19.614330000000002
s109,35352,28.855,-19.614330000000002
s110,14081,28.7561,-19.51579
s110,14082,28.7561,-19.51579
s110,14083,28.7561,-19.51579
s110,14088,28.7561,-19.51579
s110,14089,28.7561,-19.51579
s110,34571,28.7561,-19.51579
s110,34576,28.7561,-19.51579
s110,34570,28.7561,-19.51579
s110,34572,28.7561,-19.51579
s110,34577,28.7561,-19.51579
s110,34575,28.7561,-19.51579
s110,34573,28.7561,-19.51579
s110,34578,28.7561,-19.51579
s110,34579,28.7561,-19.51579
s110,34574,28.7561,-19.51579
s110,35279,28.7561,-19.51579
s110,35274,28.7561,-19.51579
s110,35275,28.7561,-19.51579
s110,35276,28.7561,-19.51579
s110,35277,28.7561,-19.51579
s110,35270,28.7561,-19.51579
s110,35271,28.7561,-19.51579
s110,35272,28.7561,-19.51579
s111,20451,29.336933000000002,-18.599828000000002
s111,20452,29.336933000000002,-18.599828000000002
s111,20453,29.336933000000002,-18.599828000000002
s111,20454,29.336933000000002,-18.599828000000002
s112,10321,28.86426,-19.30604
s112,10326,28.86426,-19.30604
s112,10322,28.86426,-19.30604
s112,10323,28.86426,-19.30604
s113,12256,28.819893999999998,-19.546535
s113,12257,28.819893999999998,-19.546535
s113,12258,28.819893999999998,-19.546535
s113,35591,28.819893999999998,-19.546535
s113,35596,28.819893999999998,-19.546535
s113,35590,28.819893999999998,-19.546535
s113,35592,28.819893999999998,-19.546535
s113,35597,28.819893999999998,-19.546535
s113,35595,28.819893999999998,-19.546535
s113,35593,28.819893999999998,-19.546535
s113,35598,28.819893999999998,-19.546535
s113,35599,28.819893999999998,-19.546535
s114,14291,28.734811999999998,-19.595860000000002
s114,14292,28.734811999999998,-19.595860000000002
s114,14297,28.734811999999998,-19.595860000000002
s114,34581,28.734811999999998,-19.595860000000002
s114,34586,28.734811999999998,-19.595860000000002
s114,34580,28.734811999999998,-19.595860000000002
s114,34582,28.734811999999998,-19.595860000000002
s114,34587,28.734811999999998,-19.595860000000002
s114,34585,28.734811999999998,-19.595860000000002
s114,34583,28.734811999999998,-19.595860000000002
s114,34588,28.734811999999998,-19.595860000000002
s114,34589,28.734811999999998,-19.595860000000002
s115,10271,28.771050000000002,-19.52597
s115,10272,28.771050000000002,-19.52597
s115,10278,28.771050000000002,-19.52597
s115,34071,28.771050000000002,-19.52597
s115,34076,28.771050000000002,-19.52597
s115,34070,28.771050000000002,-19.52597
s115,34072,28.771050000000002,-19.52597
s115,34077,28.771050000000002,-19.52597
s115,34075,28.771050000000002,-19.52597
s115,34073,28.771050000000002,-19.52597
s115,34078,28.771050000000002,-19.52597
s115,34079,28.771050000000002,-19.52597
s116,14252,28.77702,-19.55058
s116,14257,28.77702,-19.55058
s116,14253,28.77702,-19.55058
s116,14258,28.77702,-19.55058
s116,34001,28.77702,-19.55058
s116,34006,28.77702,-19.55058
s116,34000,28.77702,-19.55058
s116,34002,28.77702,-19.55058
s116,34007,28.77702,-19.55058
s116,34005,28.77702,-19.55058
s116,34003,28.77702,-19.55058
s116,34008,28.77702,-19.55058
s116,34009,28.77702,-19.55058
s117,12091,28.8261,-19.53409
s117,12092,28.8261,-19.53409
s117,12093,28.8261,-19.53409
s117,34301,28.8261,-19.53409
s117,34306,28.8261,-19.53409
s117,34300,28.8261,-19.53409
s117,34302,28.8261,-19.53409
s117,34307,28.8261,-19.53409
s117,34305,28.8261,-19.53409
s117,34303,28.8261,-19.53409
s117,34308,28.8261,-19.53409
s117,34309,28.8261,-19.53409
s117,34304,28.8261,-19.53409
s117,35199,28.8261,-19.53409
s117,35194,28.8261,-19.53409
s117,35195,28.8261,-19.53409
s117,35196,28.8261,-19.53409
s117,35197,28.8261,-19.53409
s118,10391,28.835147,-19.444508
s118,10392,28.835147,-19.444508
s118,10393,28.835147,-19.444508
s118,35491,28.835147,-19.444508
s118,35492,28.835147,-19.444508
s118,35493,28.835147,-19.444508
s118,35496,28.835147,-19.444508
s118,35497,28.835147,-19.444508
s118,35498,28.835147,-19.444508
s118,35490,28.835147,-19.444508
s118,35495,28.835147,-19.444508
s118,35499,28.835147,-19.444508
s119,10131,28.797694,-19.384614
s119,10132,28.797694,-19.384614
s119,10133,28.797694,-19.384614
s119,10134,28.797694,-19.384614
s119,34221,28.797694,-19.384614
s119,34226,28.797694,-19.384614
s119,34220,28.797694,-19.384614
s119,34222,28.797694,-19.384614
s119,34227,28.797694,-19.384614
s119,34225,28.797694,-19.384614
s119,34223,28.797694,-19.384614
s119,34228,28.797694,-19.384614
s119,35013,28.797694,-19.384614
s119,34224,28.797694,-19.384614
s119,34229,28.797694,-19.384614
s119,35014,28.797694,-19.384614
s119,35015,28.797694,-19.384614
s119,35016,28.797694,-19.384614
s119,35017,28.797694,-19.384614
s119,35010,28.797694,-19.384614
s119,35011,28.797694,-19.384614
s119,35012,28.797694,-19.384614
s120,21011,29.002488,-19.313406
s120,21012,29.002488,-19.313406
s120,21013,29.002488,-19.313406
s120,21014,29.002488,-19.313406
s121,10261,28.81727,-19.395777000000002
s121,10262,28.81727,-19.395777000000002
s121,10263,28.81727,-19.395777000000002
s121,10264,28.81727,-19.395777000000002
s121,10267,28.81727,-19.395777000000002
s121,34231,28.81727,-19.395777000000002
s121,34236,28.81727,-19.395777000000002
s121,34232,28.81727,-19.395777000000002
s121,34237,28.81727,-19.395777000000002
s121,34233,28.81727,-19.395777000000002
s121,34238,28.81727,-19.395777000000002
s121,34230,28.81727,-19.395777000000002
s121,34235,28.81727,-19.395777000000002
s121,34239,28.81727,-19.395777000000002
s122,10251,28.776854999999998,-19.353846
s122,10252,28.776854999999998,-19.353846
s122,10253,28.776854999999998,-19.353846
s122,10254,28.776854999999998,-19.353846
s122,35501,28.776854999999998,-19.353846
s122,35506,28.776854999999998,-19.353846
s122,35502,28.776854999999998,-19.353846
s122,35507,28.776854999999998,-19.353846
s122,35503,28.776854999999998,-19.353846
s122,35508,28.776854999999998,-19.353846
s122,35500,28.776854999999998,-19.353846
s122,35505,28.776854999999998,-19.353846
s122,35509,28.776854999999998,-19.353846
s123,20211,29.466605,-19.316885
s123,20212,29.466605,-19.316885
s123,20213,29.466605,-19.316885
s123,20216,29.466605,-19.316885
s123,40051,29.466605,-19.316885
s123,40056,29.466605,-19.316885
s123,40050,29.466605,-19.316885
s123,40052,29.466605,-19.316885
s123,40057,29.466605,-19.316885
s123,40055,29.466605,-19.316885
s123,40053,29.466605,-19.316885
s123,40058,29.466605,-19.316885
s123,40059,29.466605,-19.316885
s124,20371,29.459699999999998,-19.31201
s124,20372,29.459699999999998,-19.31201
s124,20373,29.459699999999998,-19.31201
s124,20376,29.459699999999998,-19.31201
s124,20377,29.459699999999998,-19.31201
s124,20378,29.459699999999998,-19.31201
s125,20251,30.184260000000002,-19.140349999999998
s125,20252,30.184260000000002,-19.140349999999998
s125,20253,30.184260000000002,-19.140349999999998
s126,20591,29.328847,-18.711143
s126,20592,29.328847,-18.711143
s126,20593,29.328847,-18.711143
s127,20311,29.96917,-19.320917
s127,20312,29.96917,-19.320917
s127,20313,29.96917,-19.320917
s128,21091,29.499799,-19.540127
s128,21092,29.499799,-19.540127
s128,21093,29.499799,-19.540127
s129,20221,30.056713000000002,-19.283043
s129,20222,30.056713000000002,-19.283043
s129,20223,30.056713000000002,-19.283043
s129,20224,30.056713000000002,-19.283043
s129,20226,30.056713000000002,-19.283043
s129,20227,30.056713000000002,-19.283043
s129,40211,30.056713000000002,-19.283043
s129,40216,30.056713000000002,-19.283043
s129,40210,30.056713000000002,-19.283043
s129,40212,30.056713000000002,-19.283043
s129,40217,30.056713000000002,-19.283043
s129,40215,30.056713000000002,-19.283043
s129,40213,30.056713000000002,-19.283043
s129,40218,30.056713000000002,-19.283043
s129,40219,30.056713000000002,-19.283043
s130,20301,30.056679000000003,-19.283182
s130,20302,30.056679000000003,-19.283182
s130,20303,30.056679000000003,-19.283182
s130,20304,30.056679000000003,-19.283182
s130,20306,30.056679000000003,-19.283182
s130,20307,30.056679000000003,-19.283182
s130,40511,30.056679000000003,-19.283182
s130,40516,30.056679000000003,-19.283182
s130,40510,30.056679000000003,-19.283182
s130,40512,30.056679000000003,-19.283182
s130,40517,30.056679000000003,-19.283182
s130,40515,30.056679000000003,-19.283182
s130,40513,30.056679000000003,-19.283182
s130,40518,30.056679000000003,-19.283182
s130,40519,30.056679000000003,-19.283182
s131,10111,28.801472,-19.394919
s131,10112,28.801472,-19.394919
s131,10113,28.801472,-19.394919
s131,10116,28.801472,-19.394919
s131,10117,28.801472,-19.394919
s131,10118,28.801472,-19.394919
s132,14196,28.851153,-19.594467
s132,14197,28.851153,-19.594467
s132,14198,28.851153,-19.594467
s132,35071,28.851153,-19.594467
s132,35076,28.851153,-19.594467
s132,35070,28.851153,-19.594467
s132,35072,28.851153,-19.594467
s132,35077,28.851153,-19.594467
s132,35075,28.851153,-19.594467
s132,35073,28.851153,-19.594467
s132,35078,28.851153,-19.594467
s132,35079,28.851153,-19.594467
s132,35074,28.851153,-19.594467
s132,35659,28.851153,-19.594467
s132,35654,28.851153,-19.594467
s133,20161,30.310499999999998,-19.365560000000002
s133,20162,30.310499999999998,-19.365560000000002
s133,20163,30.310499999999998,-19.365560000000002
s134,20351,29.9418,-19.104
s134,20356,29.9418,-19.104
s134,20352,29.9418,-19.104
s134,20353,29.9418,-19.104
s134,20357,29.9418,-19.104
s134,20358,29.9418,-19.104
s134,40261,29.9418,-19.104
s134,40266,29.9418,-19.104
s134,40260,29.9418,-19.104
s134,40262,29.9418,-19.104
s134,40267,29.9418,-19.104
s134,40265,29.9418,-19.104
s134,40263,29.9418,-19.104
s134,40268,29.9418,-19.104
s134,40269,29.9418,-19.104
s135,20341,29.9454,-19.124650000000003
s135,20342,29.9454,-19.124650000000003
s135,20343,29.9454,-19.124650000000003
s135,20346,29.9454,-19.124650000000003
s135,20347,29.9454,-19.124650000000003
s135,20348,29.9454,-19.124650000000003
s135,40101,29.9454,-19.124650000000003
s135,40106,29.9454,-19.124650000000003
s135,40100,29.9454,-19.124650000000003
s135,40102,29.9454,-19.124650000000003
s135,40107,29.9454,-19.124650000000003
s135,40105,29.9454,-19.124650000000003
s135,40103,29.9454,-19.124650000000003
s135,40108,29.9454,-19.124650000000003
s135,40109,29.9454,-19.124650000000003
s136,14131,28.7436,-19.55125
s136,14132,28.7436,-19.55125
s136,14133,28.7436,-19.55125
s136,14136,28.7436,-19.55125
s136,34771,28.7436,-19.55125
s136,34776,28.7436,-19.55125
s136,34770,28.7436,-19.55125
s136,34772,28.7436,-19.55125
s136,34777,28.7436,-19.55125
s136,34775,28.7436,-19.55125
s136,34773,28.7436,-19.55125
s136,34778,28.7436,-19.55125
s136,34779,28.7436,-19.55125
s136,34774,28.7436,-19.55125
s136,35319,28.7436,-19.55125
s136,35314,28.7436,-19.55125
s136,35315,28.7436,-19.55125
s136,35316,28.7436,-19.55125
s136,35317,28.7436,-19.55125
s136,35310,28.7436,-19.55125
s136,35311,28.7436,-19.55125
s136,35312,28.7436,-19.55125
s137,20811,30.62569,-20.84421
s137,20812,30.62569,-20.84421
s137,20813,30.62569,-20.84421
s137,20814,30.62569,-20.84421
s138,20801,30.611539999999998,-20.97543
s138,20802,30.611539999999998,-20.97543
s138,20803,30.611539999999998,-20.97543
s138,20804,30.611539999999998,-20.97543
s139,20661,28.78067,-19.51184
s139,20662,28.78067,-19.51184
s139,20663,28.78067,-19.51184
s139,34211,28.78067,-19.51184
s139,34216,28.78067,-19.51184
s139,34210,28.78067,-19.51184
s139,34212,28.78067,-19.51184
s139,34217,28.78067,-19.51184
s139,34215,28.78067,-19.51184
s139,34213,28.78067,-19.51184
s139,34218,28.78067,-19.51184
s139,34219,28.78067,-19.51184
s139,34214,28.78067,-19.51184
s139,35339,28.78067,-19.51184
s139,35334,28.78067,-19.51184
s139,35335,28.78067,-19.51184
s139,35336,28.78067,-19.51184
s139,35337,28.78067,-19.51184
s139,35330,28.78067,-19.51184
s139,35331,28.78067,-19.51184
s139,35332,28.78067,-19.51184
s140,12231,28.79452,-19.52685
s140,12232,28.79452,-19.52685
s140,12236,28.79452,-19.52685
s140,12238,28.79452,-19.52685
s140,35551,28.79452,-19.52685
s140,35556,28.79452,-19.52685
s140,35550,28.79452,-19.52685
s140,35552,28.79452,-19.52685
s140,35557,28.79452,-19.52685
s140,35555,28.79452,-19.52685
s140,35553,28.79452,-19.52685
s140,35558,28.79452,-19.52685
s140,35559,28.79452,-19.52685
s141,20461,28.96289,-19.082340000000002
s141,20462,28.96289,-19.082340000000002
s141,20463,28.96289,-19.082340000000002
s141,20468,28.96289,-19.082340000000002
s142,20421,29.136028,-19.063028
s142,20422,29.136028,-19.063028
s142,20423,29.136028,-19.063028
s143,22211,29.90818,-19.961341
s143,22212,29.90818,-19.961341
s143,22213,29.90818,-19.961341
s143,22214,29.90818,-19.961341
s144,22411,30.89588,-19.95853
s144,22412,30.89588,-19.95853
s144,22413,30.89588,-19.95853
s145,20411,29.491834,-19.320911000000002
s145,20412,29.491834,-19.320911000000002
s145,20413,29.491834,-19.320911000000002
s145,35701,29.491834,-19.320911000000002
s145,35702,29.491834,-19.320911000000002
s145,35703,29.491834,-19.320911000000002
s146,14101,28.729100000000003,-19.56536
s146,14102,28.729100000000003,-19.56536
s146,14103,28.729100000000003,-19.56536
s146,34781,28.729100000000003,-19.56536
s146,34786,28.729100000000003,-19.56536
s146,34780,28.729100000000003,-19.56536
s146,34782,28.729100000000003,-19.56536
s146,34787,28.729100000000003,-19.56536
s146,34785,28.729100000000003,-19.56536
s146,34783,28.729100000000003,-19.56536
s146,34788,28.729100000000003,-19.56536
s146,34789,28.729100000000003,-19.56536
s147,20391,29.24344,-19.510268
s147,20392,29.24344,-19.510268
s147,20393,29.24344,-19.510268
s147,20397,29.24344,-19.510268
s147,40531,29.24344,-19.510268
s147,40532,29.24344,-19.510268
s147,40533,29.24344,-19.510268
s148,20171,30.527757,-19.36332
s148,20172,30.527757,-19.36332
s148,20173,30.527757,-19.36332
s149,20201,30.142201999999997,-19.346698
s149,20202,30.142201999999997,-19.346698
s149,20203,30.142201999999997,-19.346698
s149,20204,30.142201999999997,-19.346698
s150,20631,29.701997,-20.20253
s150,20632,29.701997,-20.20253
s150,20633,29.701997,-20.20253
s150,40391,29.701997,-20.20253
s150,40392,29.701997,-20.20253
s151,22451,29.828142,-20.395775
s151,22452,29.828142,-20.395775
s151,22453,29.828142,-20.395775
s151,22454,29.828142,-20.395775
s151,22459,29.828142,-20.395775
s151,22456,29.828142,-20.395775
s151,22457,29.828142,-20.395775
s151,40451,29.828142,-20.395775
s151,40452,29.828142,-20.395775
s151,40453,29.828142,-20.395775
s152,12823,28.82621,-19.54983
s152,12826,28.82621,-19.54983
s152,12827,28.82621,-19.54983
s152,35561,28.82621,-19.54983
s152,35566,28.82621,-19.54983
s152,35560,28.82621,-19.54983
s152,35562,28.82621,-19.54983
s152,35567,28.82621,-19.54983
s152,35565,28.82621,-19.54983
s152,35563,28.82621,-19.54983
s152,35568,28.82621,-19.54983
s152,35569,28.82621,-19.54983
s153,22261,29.785193,-19.538472
s153,22262,29.785193,-19.538472
s153,22263,29.785193,-19.538472
s153,22268,29.785193,-19.538472
s153,40441,29.785193,-19.538472
s153,40442,29.785193,-19.538472
s153,40443,29.785193,-19.538472
s153,40446,29.785193,-19.538472
s153,40447,29.785193,-19.538472
s153,40448,29.785193,-19.538472
s154,14241,28.7125,-19.57854
s154,14242,28.7125,-19.57854
s154,34601,28.7125,-19.57854
s154,34606,28.7125,-19.57854
s154,34600,28.7125,-19.57854
s154,34602,28.7125,-19.57854
s154,34607,28.7125,-19.57854
s154,34605,28.7125,-19.57854
s155,20691,31.2462,-20.0076
s155,20692,31.2462,-20.0076
s155,20693,31.2462,-20.0076
s155,20694,31.2462,-20.0076
s156,20561,29.669372,-20.249928
s156,20562,29.669372,-20.249928
s156,20563,29.669372,-20.249928
s156,20564,29.669372,-20.249928
s156,40401,29.669372,-20.249928
s156,40402,29.669372,-20.249928
s157,21101,29.721595,-20.335592
s157,21102,29.721595,-20.335592
s157,21103,29.721595,-20.335592
s158,10162,28.771810000000002,-19.51889
s158,10163,28.771810000000002,-19.51889
s158,10166,28.771810000000002,-19.51889
s158,34891,28.771810000000002,-19.51889
s158,34896,28.771810000000002,-19.51889
s158,34890,28.771810000000002,-19.51889
s158,34892,28.771810000000002,-19.51889
s158,34897,28.771810000000002,-19.51889
s158,34895,28.771810000000002,-19.51889
s158,34893,28.771810000000002,-19.51889
s158,34898,28.771810000000002,-19.51889
s158,34899,28.771810000000002,-19.51889
s158,34894,28.771810000000002,-19.51889
s158,35159,28.771810000000002,-19.51889
s158,35154,28.771810000000002,-19.51889
s158,35770,28.771810000000002,-19.51889
s158,35771,28.771810000000002,-19.51889
s158,35772,28.771810000000002,-19.51889
s158,35775,28.771810000000002,-19.51889
s158,35776,28.771810000000002,-19.51889
s158,35777,28.771810000000002,-19.51889
s159,10001,28.781205,-19.519007000000002
s159,10007,28.781205,-19.519007000000002
s159,10008,28.781205,-19.519007000000002
s159,34171,28.781205,-19.519007000000002
s159,34176,28.781205,-19.519007000000002
s159,34170,28.781205,-19.519007000000002
s159,34172,28.781205,-19.519007000000002
s159,34177,28.781205,-19.519007000000002
s159,34175,28.781205,-19.519007000000002
s159,34173,28.781205,-19.519007000000002
s159,34178,28.781205,-19.519007000000002
s159,34179,28.781205,-19.519007000000002
s159,34174,28.781205,-19.519007000000002
s159,35299,28.781205,-19.519007000000002
s159,35294,28.781205,-19.519007000000002
s160,22251,29.566772999999998,-19.839425
s160,22252,29.566772999999998,-19.839425
s160,22253,29.566772999999998,-19.839425
s160,22254,29.566772999999998,-19.839425
s160,40131,29.566772999999998,-19.839425
s160,40133,29.566772999999998,-19.839425
s161,22281,29.783862,-19.674259
s161,22282,29.783862,-19.674259
s161,22283,29.783862,-19.674259
s161,40431,29.783862,-19.674259
s161,40432,29.783862,-19.674259
s161,40433,29.783862,-19.674259
s162,12811,28.839100000000002,-19.566670000000002
s162,12812,28.839100000000002,-19.566670000000002
s162,12813,28.839100000000002,-19.566670000000002
s162,35091,28.839100000000002,-19.566670000000002
s162,35096,28.839100000000002,-19.566670000000002
s162,35090,28.839100000000002,-19.566670000000002
s162,35092,28.839100000000002,-19.566670000000002
s162,35097,28.839100000000002,-19.566670000000002
s162,35095,28.839100000000002,-19.566670000000002
s162,35093,28.839100000000002,-19.566670000000002
s162,35098,28.839100000000002,-19.566670000000002
s162,35099,28.839100000000002,-19.566670000000002
s162,35094,28.839100000000002,-19.566670000000002
s162,35629,28.839100000000002,-19.566670000000002
s162,35624,28.839100000000002,-19.566670000000002
s163,14141,28.7337,-19.546590000000002
s163,14142,28.7337,-19.546590000000002
s163,14143,28.7337,-19.546590000000002
s163,14148,28.7337,-19.546590000000002
s163,34791,28.7337,-19.546590000000002
s163,34796,28.7337,-19.546590000000002
s163,34790,28.7337,-19.546590000000002
s163,34792,28.7337,-19.546590000000002
s163,34797,28.7337,-19.546590000000002
s163,34795,28.7337,-19.546590000000002
s163,34793,28.7337,-19.546590000000002
s163,34798,28.7337,-19.546590000000002
s163,34799,28.7337,-19.546590000000002
s164,14021,28.7336,-19.51143
s164,14022,28.7336,-19.51143
s164,14023,28.7336,-19.51143
s164,34611,28.7336,-19.51143
s164,34616,28.7336,-19.51143
s164,34610,28.7336,-19.51143
s164,34612,28.7336,-19.51143
s164,34617,28.7336,-19.51143
s164,34615,28.7336,-19.51143
s164,34613,28.7336,-19.51143
s164,34618,28.7336,-19.51143
s164,34619,28.7336,-19.51143
s165,14181,28.734017,-19.507542
s165,14182,28.734017,-19.507542
s165,14183,28.734017,-19.507542
s165,34251,28.734017,-19.507542
s165,34256,28.734017,-19.507542
s165,34250,28.734017,-19.507542
s165,34252,28.734017,-19.507542
s165,34257,28.734017,-19.507542
s165,34255,28.734017,-19.507542
s165,34253,28.734017,-19.507542
s165,34258,28.734017,-19.507542
s165,34259,28.734017,-19.507542
s166,20741,31.343338,-19.85608
s166,20742,31.343338,-19.85608
s166,20743,31.343338,-19.85608
s167,22431,31.060937,-19.93486
s167,22432,31.060937,-19.93486
s167,22433,31.060937,-19.93486
s168,22201,29.924889,-19.889913999999997
s168,22202,29.924889,-19.889913999999997
s168,22203,29.924889,-19.889913999999997
s168,40201,29.924889,-19.889913999999997
s168,40202,29.924889,-19.889913999999997
s168,40203,29.924889,-19.889913999999997
s169,22181,30.233377,-20.066657
s169,22182,30.233377,-20.066657
s169,22183,30.233377,-20.066657
s169,40141,30.233377,-20.066657
s169,40146,30.233377,-20.066657
s169,40142,30.233377,-20.066657
s169,40147,30.233377,-20.066657
s169,40143,30.233377,-20.066657
s169,40148,30.233377,-20.066657
s170,20141,30.910451000000002,-19.452009
s170,20142,30.910451000000002,-19.452009
s170,20143,30.910451000000002,-19.452009
s171,20721,30.332181,-18.977950999999997
s171,20722,30.332181,-18.977950999999997
s171,20723,30.332181,-18.977950999999997
s171,20724,30.332181,-18.977950999999997
s172,14281,28.7476,-19.54226
s172,14282,28.7476,-19.54226
s172,14283,28.7476,-19.54226
s172,14289,28.7476,-19.54226
s172,34551,28.7476,-19.54226
s172,34556,28.7476,-19.54226
s172,34550,28.7476,-19.54226
s172,34552,28.7476,-19.54226
s172,34557,28.7476,-19.54226
s172,34555,28.7476,-19.54226
s172,34553,28.7476,-19.54226
s172,34558,28.7476,-19.54226
s172,34559,28.7476,-19.54226
s173,20271,31.020738,-19.372815
s173,20272,31.020738,-19.372815
s173,20273,31.020738,-19.372815
s173,20276,31.020738,-19.372815
s173,40041,31.020738,-19.372815
s173,40046,31.020738,-19.372815
s173,40042,31.020738,-19.372815
s173,40047,31.020738,-19.372815
s173,40043,31.020738,-19.372815
s173,40048,31.020738,-19.372815
s173,40040,31.020738,-19.372815
s173,40045,31.020738,-19.372815
s173,40049,31.020738,-19.372815
s174,10311,29.173537,-19.531191999999997
s174,10312,29.173537,-19.531191999999997
s174,10313,29.173537,-19.531191999999997
s174,35801,29.173537,-19.531191999999997
s174,35802,29.173537,-19.531191999999997
s174,35803,29.173537,-19.531191999999997
s174,35806,29.173537,-19.531191999999997
s174,35807,29.173537,-19.531191999999997
s174,35808,29.173537,-19.531191999999997
s175,14151,28.715178,-19.520775
s175,14156,28.715178,-19.520775
s175,14153,28.715178,-19.520775
s175,34921,28.715178,-19.520775
s175,34926,28.715178,-19.520775
s175,34920,28.715178,-19.520775
s175,34923,28.715178,-19.520775
s175,34928,28.715178,-19.520775
s175,34929,28.715178,-19.520775
s176,10241,28.766886,-19.520028
s176,10242,28.766886,-19.520028
s177,22161,31.300067,-19.900184
s177,22162,31.300067,-19.900184
s177,22163,31.300067,-19.900184
s177,40501,31.300067,-19.900184
s177,40502,31.300067,-19.900184
s177,40503,31.300067,-19.900184
s178,22041,31.354385999999998,-19.875636
s178,22042,31.354385999999998,-19.875636
s178,22043,31.354385999999998,-19.875636
s179,20731,30.992248,-19.339152
s179,20732,30.992248,-19.339152
s179,20733,30.992248,-19.339152
s180,20981,28.944200000000002,-19.412978000000003
s180,20982,28.944200000000002,-19.412978000000003
s180,20983,28.944200000000002,-19.412978000000003
s180,40091,28.944200000000002,-19.412978000000003
s180,40092,28.944200000000002,-19.412978000000003
s180,40093,28.944200000000002,-19.412978000000003
s181,20521,29.212574,-19.23344
s181,20522,29.212574,-19.23344
s181,20523,29.212574,-19.23344
s181,20524,29.212574,-19.23344
s181,20528,29.212574,-19.23344
s181,40081,29.212574,-19.23344
s181,40086,29.212574,-19.23344
s181,40082,29.212574,-19.23344
s181,40087,29.212574,-19.23344
s181,40083,29.212574,-19.23344
s181,40088,29.212574,-19.23344
s181,40084,29.212574,-19.23344
s181,40429,29.212574,-19.23344
s182,20381,29.2197,-19.23839
s182,20382,29.2197,-19.23839
s182,20383,29.2197,-19.23839
s182,20388,29.2197,-19.23839
s183,22371,30.522175,-20.49525
s183,22372,30.522175,-20.49525
s183,22377,30.522175,-20.49525
s183,22373,30.522175,-20.49525
s183,22374,30.522175,-20.49525
s184,22331,30.282035,-20.649522
s184,22332,30.282035,-20.649522
s184,22333,30.282035,-20.649522
s184,40331,30.282035,-20.649522
s184,40332,30.282035,-20.649522
s184,40333,30.282035,-20.649522
s185,10401,28.7992,-19.564318999999998
s185,10402,28.7992,-19.564318999999998
s185,10403,28.7992,-19.564318999999998
s186,22131,30.244663,-20.031657000000003
s186,22132,30.244663,-20.031657000000003
s186,22133,30.244663,-20.031657000000003
s186,40381,30.244663,-20.031657000000003
s186,40386,30.244663,-20.031657000000003
s186,40380,30.244663,-20.031657000000003
s186,40382,30.244663,-20.031657000000003
s186,40387,30.244663,-20.031657000000003
s186,40385,30.244663,-20.031657000000003
s186,40383,30.244663,-20.031657000000003
s186,40388,30.244663,-20.031657000000003
s186,40389,30.244663,-20.031657000000003
s187,20361,29.504793,-19.191467
s187,20362,29.504793,-19.191467
s187,20363,29.504793,-19.191467
s187,20364,29.504793,-19.191467
s188,10061,28.7685,-19.51133
s188,10062,28.7685,-19.51133
s188,10063,28.7685,-19.51133
s188,10064,28.7685,-19.51133
s188,10066,28.7685,-19.51133
s188,10067,28.7685,-19.51133
s188,10068,28.7685,-19.51133
s188,10069,28.7685,-19.51133
s188,34101,28.7685,-19.51133
s188,34106,28.7685,-19.51133
s188,34100,28.7685,-19.51133
s188,34102,28.7685,-19.51133
s188,34107,28.7685,-19.51133
s188,34105,28.7685,-19.51133
s188,34103,28.7685,-19.51133
s188,34108,28.7685,-19.51133
s188,35003,28.7685,-19.51133
s188,34104,28.7685,-19.51133
s188,34109,28.7685,-19.51133
s188,35004,28.7685,-19.51133
s188,35005,28.7685,-19.51133
s188,35000,28.7685,-19.51133
s188,35009,28.7685,-19.51133
s188,35006,28.7685,-19.51133
s188,35007,28.7685,-19.51133
s188,35008,28.7685,-19.51133
s189,20511,29.32243,-19.291072
s189,20512,29.32243,-19.291072
s189,20513,29.32243,-19.291072
s190,20471,29.77086,-18.790312999999998
s190,20472,29.77086,-18.790312999999998
s190,20473,29.77086,-18.790312999999998
s190,20476,29.77086,-18.790312999999998
s191,12201,28.899928,-19.623468
s191,12202,28.899928,-19.623468
s191,12203,28.899928,-19.623468
s191,12206,28.899928,-19.623468
s191,34971,28.899928,-19.623468
s191,34976,28.899928,-19.623468
s191,34970,28.899928,-19.623468
s191,34972,28.899928,-19.623468
s191,34977,28.899928,-19.623468
s191,34975,28.899928,-19.623468
s191,34973,28.899928,-19.623468
s191,34978,28.899928,-19.623468
s191,34979,28.899928,-19.623468
s191,34974,28.899928,-19.623468
s191,35129,28.899928,-19.623468
s191,35124,28.899928,-19.623468
s191,35125,28.899928,-19.623468
s191,35126,28.899928,-19.623468
s191,35127,28.899928,-19.623468
s191,35120,28.899928,-19.623468
s191,35121,28.899928,-19.623468
s191,35122,28.899928,-19.623468
s192,20431,29.050156,-18.983268000000002
s192,20432,29.050156,-18.983268000000002
s192,20433,29.050156,-18.983268000000002
s192,20434,29.050156,-18.983268000000002
s192,20436,29.050156,-18.983268000000002
s192,20438,29.050156,-18.983268000000002
s193,20321,29.734830000000002,-19.190388
s193,20322,29.734830000000002,-19.190388
s193,20323,29.734830000000002,-19.190388
s194,22291,29.3166,-19.75442
s194,22292,29.3166,-19.75442
s194,22293,29.3166,-19.75442
s195,22231,29.695294,-20.2364
s195,22232,29.695294,-20.2364
s195,22233,29.695294,-20.2364
s195,22234,29.695294,-20.2364
s195,40151,29.695294,-20.2364
s195,40152,29.695294,-20.2364
s196,22051,31.467363,-19.688375999999998
s196,22052,31.467363,-19.688375999999998
s196,22053,31.467363,-19.688375999999998
s197,22111,30.819879999999998,-20.12226
s197,22112,30.819879999999998,-20.12226
s197,22113,30.819879999999998,-20.12226
s197,22118,30.819879999999998,-20.12226
s197,22116,30.819879999999998,-20.12226
s197,22117,30.819879999999998,-20.12226
s197,40311,30.819879999999998,-20.12226
s197,40316,30.819879999999998,-20.12226
s197,40310,30.819879999999998,-20.12226
s197,40312,30.819879999999998,-20.12226
s197,40317,30.819879999999998,-20.12226
s197,40315,30.819879999999998,-20.12226
s197,40313,30.819879999999998,-20.12226
s197,40318,30.819879999999998,-20.12226
s197,40319,30.819879999999998,-20.12226
s198,20291,30.194796,-20.450661
s198,20292,30.194796,-20.450661
s198,20293,30.194796,-20.450661
s198,20294,30.194796,-20.450661
s198,20295,30.194796,-20.450661
s199,10371,28.78424,-19.50823
s199,10372,28.78424,-19.50823
s199,10378,28.78424,-19.50823
s199,34111,28.78424,-19.50823
s199,34116,28.78424,-19.50823
s199,34110,28.78424,-19.50823
s199,34112,28.78424,-19.50823
s199,34117,28.78424,-19.50823
s199,34115,28.78424,-19.50823
s199,34113,28.78424,-19.50823
s199,34118,28.78424,-19.50823
s199,34119,28.78424,-19.50823
s199,34114,28.78424,-19.50823
s199,35799,28.78424,-19.50823
s199,35794,28.78424,-19.50823
s200,20101,31.0223,-19.34897
s200,20102,31.0223,-19.34897
s200,20103,31.0223,-19.34897
s200,20106,31.0223,-19.34897
s200,20107,31.0223,-19.34897
s200,40371,31.0223,-19.34897
s200,40376,31.0223,-19.34897
s200,40370,31.0223,-19.34897
s200,40372,31.0223,-19.34897
s200,40377,31.0223,-19.34897
s200,40375,31.0223,-19.34897
s200,40373,31.0223,-19.34897
s200,40378,31.0223,-19.34897
s200,40379,31.0223,-19.34897
s200,40374,31.0223,-19.34897
s200,40559,31.0223,-19.34897
s200,40554,31.0223,-19.34897
s200,40555,31.0223,-19.34897
s200,40556,31.0223,-19.34897
s200,40557,31.0223,-19.34897
s200,40550,31.0223,-19.34897
s200,40551,31.0223,-19.34897
s200,40552,31.0223,-19.34897
s201,20111,31.008381999999997,-19.375688
s201,20112,31.008381999999997,-19.375688
s201,20113,31.008381999999997,-19.375688
s201,20116,31.008381999999997,-19.375688
s202,22021,31.0504,-19.999589999999998
s202,22022,31.0504,-19.999589999999998
s202,22023,31.0504,-19.999589999999998
s203,21061,29.463054,-20.061556
s203,21062,29.463054,-20.061556
s203,21063,29.463054,-20.061556
s204,22531,29.946669999999997,-20.207342999999998
s204,22532,29.946669999999997,-20.207342999999998
s204,22533,29.946669999999997,-20.207342999999998
s204,22534,29.946669999999997,-20.207342999999998
s205,20261,30.757619,-19.459054000000002
s205,20262,30.757619,-19.459054000000002
s205,20263,30.757619,-19.459054000000002
s206,20121,31.035839,-19.361898
s206,20122,31.035839,-19.361898
s206,20123,31.035839,-19.361898
s206,20124,31.035839,-19.361898
s206,20126,31.035839,-19.361898
s206,20128,31.035839,-19.361898
s206,40171,31.035839,-19.361898
s206,40176,31.035839,-19.361898
s206,40170,31.035839,-19.361898
s206,40172,31.035839,-19.361898
s206,40177,31.035839,-19.361898
s206,40175,31.035839,-19.361898
s206,40173,31.035839,-19.361898
s206,40178,31.035839,-19.361898
s206,40179,31.035839,-19.361898
s206,40565,31.035839,-19.361898
s206,40566,31.035839,-19.361898
s206,40567,31.035839,-19.361898
s207,12101,28.808799999999998,-19.52718
s207,12102,28.808799999999998,-19.52718
s207,12103,28.808799999999998,-19.52718
s207,12106,28.808799999999998,-19.52718
s207,34051,28.808799999999998,-19.52718
s207,34056,28.808799999999998,-19.52718
s207,34050,28.808799999999998,-19.52718
s207,34052,28.808799999999998,-19.52718
s207,34057,28.808799999999998,-19.52718
s207,34055,28.808799999999998,-19.52718
s207,34053,28.808799999999998,-19.52718
s207,34058,28.808799999999998,-19.52718
s207,34059,28.808799999999998,-19.52718
s207,34054,28.808799999999998,-19.52718
s207,35139,28.808799999999998,-19.52718
s207,35134,28.808799999999998,-19.52718
s207,35135,28.808799999999998,-19.52718
s207,35136,28.808799999999998,-19.52718
s207,35137,28.808799999999998,-19.52718
s207,35130,28.808799999999998,-19.52718
s207,35131,28.808799999999998,-19.52718
s207,35132,28.808799999999998,-19.52718
s208,22191,30.273943,-20.059103999999998
s208,22192,30.273943,-20.059103999999998
s208,22193,30.273943,-20.059103999999998
s208,22194,30.273943,-20.059103999999998
s208,22197,30.273943,-20.059103999999998
s208,22198,30.273943,-20.059103999999998
s208,40231,30.273943,-20.059103999999998
s208,40236,30.273943,-20.059103999999998
s208,40232,30.273943,-20.059103999999998
s208,40237,30.273943,-20.059103999999998
s208,40233,30.273943,-20.059103999999998
s208,40238,30.273943,-20.059103999999998
s208,40230,30.273943,-20.059103999999998
s208,40235,30.273943,-20.059103999999998
s208,40239,30.273943,-20.059103999999998
s209,21051,29.066857,-20.10024
s209,21052,29.066857,-20.10024
s209,21053,29.066857,-20.10024
s209,21054,29.066857,-20.10024
s210,22241,29.803885,-20.102028
s210,22242,29.803885,-20.102028
s211,20541,29.961956999999998,-19.124386
s211,20542,29.961956999999998,-19.124386
s211,20543,29.961956999999998,-19.124386
s211,20546,29.961956999999998,-19.124386
s211,20547,29.961956999999998,-19.124386
s211,20548,29.961956999999998,-19.124386
s211,40351,29.961956999999998,-19.124386
s211,40356,29.961956999999998,-19.124386
s211,40350,29.961956999999998,-19.124386
s211,40352,29.961956999999998,-19.124386
s211,40357,29.961956999999998,-19.124386
s211,40355,29.961956999999998,-19.124386
s211,40353,29.961956999999998,-19.124386
s211,40358,29.961956999999998,-19.124386
s211,40359,29.961956999999998,-19.124386
s212,10056,28.7648,-19.512050000000002
s212,10057,28.7648,-19.512050000000002
s212,10058,28.7648,-19.512050000000002
s212,34161,28.7648,-19.512050000000002
s212,34166,28.7648,-19.512050000000002
s212,34160,28.7648,-19.512050000000002
s212,34162,28.7648,-19.512050000000002
s212,34167,28.7648,-19.512050000000002
s212,34165,28.7648,-19.512050000000002
s212,34163,28.7648,-19.512050000000002
s212,34168,28.7648,-19.512050000000002
s212,34993,28.7648,-19.512050000000002
s212,34164,28.7648,-19.512050000000002
s212,34169,28.7648,-19.512050000000002
s212,34994,28.7648,-19.512050000000002
s212,34995,28.7648,-19.512050000000002
s212,34990,28.7648,-19.512050000000002
s212,34999,28.7648,-19.512050000000002
s212,34996,28.7648,-19.512050000000002
s212,34997,28.7648,-19.512050000000002
s212,34998,28.7648,-19.512050000000002
s213,22481,30.158533,-20.567759
s213,22482,30.158533,-20.567759
s213,22483,30.158533,-20.567759
s213,22484,30.158533,-20.567759
s213,22485,30.158533,-20.567759
s213,40411,30.158533,-20.567759
s213,40412,30.158533,-20.567759
s213,40413,30.158533,-20.567759
s214,12001,29.0552,-19.60799
s214,12002,29.0552,-19.60799
s214,12003,29.0552,-19.60799
s214,35521,29.0552,-19.60799
s214,35522,29.0552,-19.60799
s214,35523,29.0552,-19.60799
s214,35526,29.0552,-19.60799
s214,35527,29.0552,-19.60799
s214,35528,29.0552,-19.60799
s215,14321,28.7406,-19.54315
s215,14322,28.7406,-19.54315
s215,14323,28.7406,-19.54315
s215,14327,28.7406,-19.54315
s215,34801,28.7406,-19.54315
s215,34806,28.7406,-19.54315
s215,34800,28.7406,-19.54315
s215,34802,28.7406,-19.54315
s215,34807,28.7406,-19.54315
s215,34805,28.7406,-19.54315
s215,34803,28.7406,-19.54315
s215,34808,28.7406,-19.54315
s215,34809,28.7406,-19.54315
s215,34804,28.7406,-19.54315
s215,35409,28.7406,-19.54315
s215,35404,28.7406,-19.54315
s215,35405,28.7406,-19.54315
s215,35406,28.7406,-19.54315
s215,35407,28.7406,-19.54315
s216,14201,28.7378,-19.534399999999998
s216,14202,28.7378,-19.534399999999998
s216,14203,28.7378,-19.534399999999998
s216,14206,28.7378,-19.534399999999998
s216,14207,28.7378,-19.534399999999998
s216,14208,28.7378,-19.534399999999998
s216,34811,28.7378,-19.534399999999998
s216,34816,28.7378,-19.534399999999998
s216,34810,28.7378,-19.534399999999998
s216,34812,28.7378,-19.534399999999998
s216,34817,28.7378,-19.534399999999998
s216,34815,28.7378,-19.534399999999998
s216,34813,28.7378,-19.534399999999998
s216,34818,28.7378,-19.534399999999998
s216,34819,28.7378,-19.534399999999998
s216,34814,28.7378,-19.534399999999998
s216,35349,28.7378,-19.534399999999998
s216,35344,28.7378,-19.534399999999998
s216,35345,28.7378,-19.534399999999998
s216,35346,28.7378,-19.534399999999998
s216,35347,28.7378,-19.534399999999998
s216,35340,28.7378,-19.534399999999998
s216,35341,28.7378,-19.534399999999998
s216,35342,28.7378,-19.534399999999998
s217,10026,28.72843,-19.529069999999997
s217,10027,28.72843,-19.529069999999997
s217,10028,28.72843,-19.529069999999997
s217,10023,28.72843,-19.529069999999997
s217,35031,28.72843,-19.529069999999997
s217,35036,28.72843,-19.529069999999997
s217,35030,28.72843,-19.529069999999997
s217,35032,28.72843,-19.529069999999997
s217,35037,28.72843,-19.529069999999997
s217,35035,28.72843,-19.529069999999997
s217,35033,28.72843,-19.529069999999997
s217,35038,28.72843,-19.529069999999997
s217,35039,28.72843,-19.529069999999997
s218,20821,30.42465,-21.031560000000002
s218,20822,30.42465,-21.031560000000002
s218,20823,30.42465,-21.031560000000002
s219,20771,30.032455,-20.346269
s219,20772,30.032455,-20.346269
s219,20773,30.032455,-20.346269
s219,20778,30.032455,-20.346269
s220,14301,28.775340999999997,-19.652932
s220,14302,28.775340999999997,-19.652932
s220,34621,28.775340999999997,-19.652932
s220,34626,28.775340999999997,-19.652932
s220,34622,28.775340999999997,-19.652932
s220,34627,28.775340999999997,-19.652932
s220,34623,28.775340999999997,-19.652932
s220,34628,28.775340999999997,-19.652932
s220,34620,28.775340999999997,-19.652932
s220,34625,28.775340999999997,-19.652932
s220,34629,28.775340999999997,-19.652932
s221,14331,28.730825,-19.537976
s221,14332,28.730825,-19.537976
s221,14333,28.730825,-19.537976
s221,34911,28.730825,-19.537976
s221,34916,28.730825,-19.537976
s221,34910,28.730825,-19.537976
s221,34912,28.730825,-19.537976
s221,34917,28.730825,-19.537976
s221,34915,28.730825,-19.537976
s221,34913,28.730825,-19.537976
s221,34918,28.730825,-19.537976
s221,34919,28.730825,-19.537976
s221,34914,28.730825,-19.537976
s221,35419,28.730825,-19.537976
s221,35414,28.730825,-19.537976
s221,35415,28.730825,-19.537976
s221,35416,28.730825,-19.537976
s221,35417,28.730825,-19.537976
s222,10123,28.851062,-19.477019
s222,10126,28.851062,-19.477019
s222,10128,28.851062,-19.477019
s223,20681,31.022979,-19.358477
s223,20682,31.022979,-19.358477
s223,20683,31.022979,-19.358477
s223,20684,31.022979,-19.358477
s223,40011,31.022979,-19.358477
s223,40016,31.022979,-19.358477
s223,40010,31.022979,-19.358477
s223,40012,31.022979,-19.358477
s223,40017,31.022979,-19.358477
s223,40015,31.022979,-19.358477
s223,40013,31.022979,-19.358477
s223,40018,31.022979,-19.358477
s223,40019,31.022979,-19.358477
s224,14161,28.743777,-19.528478
s224,14167,28.743777,-19.528478
s224,14168,28.743777,-19.528478
s224,34821,28.743777,-19.528478
s224,34826,28.743777,-19.528478
s224,34820,28.743777,-19.528478
s224,34822,28.743777,-19.528478
s224,34827,28.743777,-19.528478
s224,34825,28.743777,-19.528478
s224,34823,28.743777,-19.528478
s224,34828,28.743777,-19.528478
s224,34829,28.743777,-19.528478
s225,12152,28.814500000000002,-19.53634
s225,12156,28.814500000000002,-19.53634
s225,12153,28.814500000000002,-19.53634
s225,12158,28.814500000000002,-19.53634
s225,35531,28.814500000000002,-19.53634
s225,35536,28.814500000000002,-19.53634
s225,35530,28.814500000000002,-19.53634
s225,35532,28.814500000000002,-19.53634
s225,35537,28.814500000000002,-19.53634
s225,35535,28.814500000000002,-19.53634
s225,35533,28.814500000000002,-19.53634
s225,35538,28.814500000000002,-19.53634
s225,35539,28.814500000000002,-19.53634
s226,22221,29.942515999999998,-19.799661
s226,22222,29.942515999999998,-19.799661
s226,22223,29.942515999999998,-19.799661
s226,22224,29.942515999999998,-19.799661
s227,22341,30.218049,-20.119745
s227,22342,30.218049,-20.119745
s227,22343,30.218049,-20.119745
s228,14261,28.903866999999998,-19.783998
s228,14262,28.903866999999998,-19.783998
s228,14263,28.903866999999998,-19.783998
s228,34631,28.903866999999998,-19.783998
s228,34636,28.903866999999998,-19.783998
s228,34633,28.903866999999998,-19.783998
s228,34638,28.903866999999998,-19.783998
s228,34630,28.903866999999998,-19.783998
s228,34639,28.903866999999998,-19.783998
s229,22011,30.949064,-19.789137
s229,22012,30.949064,-19.789137
s229,22013,30.949064,-19.789137
s230,12801,28.945349999999998,-19.67022
s230,12802,28.945349999999998,-19.67022
s230,12803,28.945349999999998,-19.67022
s230,12804,28.945349999999998,-19.67022
s230,12806,28.945349999999998,-19.67022
s230,34461,28.945349999999998,-19.67022
s230,34466,28.945349999999998,-19.67022
s230,34460,28.945349999999998,-19.67022
s230,34462,28.945349999999998,-19.67022
s230,34467,28.945349999999998,-19.67022
s230,34465,28.945349999999998,-19.67022
s230,34463,28.945349999999998,-19.67022
s230,34468,28.945349999999998,-19.67022
s230,34469,28.945349999999998,-19.67022
s230,34464,28.945349999999998,-19.67022
s230,35699,28.945349999999998,-19.67022
s230,35694,28.945349999999998,-19.67022
s231,12221,28.9279,-19.66928
s231,12222,28.9279,-19.66928
s231,12223,28.9279,-19.66928
s231,12227,28.9279,-19.66928
s231,12228,28.9279,-19.66928
s231,34451,28.9279,-19.66928
s231,34456,28.9279,-19.66928
s231,34450,28.9279,-19.66928
s231,34452,28.9279,-19.66928
s231,34457,28.9279,-19.66928
s231,34455,28.9279,-19.66928
s231,34453,28.9279,-19.66928
s231,34458,28.9279,-19.66928
s231,34459,28.9279,-19.66928
s232,20991,29.961407,-19.10794
s232,20992,29.961407,-19.10794
s232,20993,29.961407,-19.10794
s232,20996,29.961407,-19.10794
s232,20997,29.961407,-19.10794
s232,20998,29.961407,-19.10794
s232,40121,29.961407,-19.10794
s232,40126,29.961407,-19.10794
s232,40120,29.961407,-19.10794
s232,40122,29.961407,-19.10794
s232,40127,29.961407,-19.10794
s232,40125,29.961407,-19.10794
s232,40123,29.961407,-19.10794
s232,40128,29.961407,-19.10794
s232,40129,29.961407,-19.10794
s232,40124,29.961407,-19.10794
s232,40579,29.961407,-19.10794
s232,40574,29.961407,-19.10794
s232,40575,29.961407,-19.10794
s232,40576,29.961407,-19.10794
s232,40577,29.961407,-19.10794
s232,40570,29.961407,-19.10794
s232,40571,29.961407,-19.10794
s232,40572,29.961407,-19.10794
s233,12111,28.8308,-19.551090000000002
s233,12112,28.8308,-19.551090000000002
s233,12113,28.8308,-19.551090000000002
s233,34341,28.8308,-19.551090000000002
s233,34346,28.8308,-19.551090000000002
s233,34340,28.8308,-19.551090000000002
s233,34342,28.8308,-19.551090000000002
s233,34347,28.8308,-19.551090000000002
s233,34345,28.8308,-19.551090000000002
s233,34343,28.8308,-19.551090000000002
s233,34348,28.8308,-19.551090000000002
s233,34349,28.8308,-19.551090000000002
s233,34344,28.8308,-19.551090000000002
s233,35609,28.8308,-19.551090000000002
s233,35604,28.8308,-19.551090000000002
s234,14001,28.737605000000002,-19.524905
s234,14002,28.737605000000002,-19.524905
s234,14003,28.737605000000002,-19.524905
s234,34641,28.737605000000002,-19.524905
s234,34646,28.737605000000002,-19.524905
s234,34640,28.737605000000002,-19.524905
s234,34642,28.737605000000002,-19.524905
s234,34647,28.737605000000002,-19.524905
s234,34645,28.737605000000002,-19.524905
s234,34643,28.737605000000002,-19.524905
s234,34648,28.737605000000002,-19.524905
s234,34649,28.737605000000002,-19.524905
s234,34644,28.737605000000002,-19.524905
s234,35049,28.737605000000002,-19.524905
s234,35044,28.737605000000002,-19.524905
s234,35045,28.737605000000002,-19.524905
s234,35046,28.737605000000002,-19.524905
s234,35047,28.737605000000002,-19.524905
s234,35040,28.737605000000002,-19.524905
s234,35042,28.737605000000002,-19.524905
s234,35041,28.737605000000002,-19.524905
s235,14091,28.723399999999998,-19.52938
s235,14092,28.723399999999998,-19.52938
s235,14093,28.723399999999998,-19.52938
s235,14099,28.723399999999998,-19.52938
s235,34651,28.723399999999998,-19.52938
s235,34656,28.723399999999998,-19.52938
s235,34650,28.723399999999998,-19.52938
s235,34652,28.723399999999998,-19.52938
s235,34657,28.723399999999998,-19.52938
s235,34655,28.723399999999998,-19.52938
s235,34653,28.723399999999998,-19.52938
s235,34658,28.723399999999998,-19.52938
s235,34659,28.723399999999998,-19.52938
s235,34654,28.723399999999998,-19.52938
s235,35459,28.723399999999998,-19.52938
s235,35454,28.723399999999998,-19.52938
s235,35455,28.723399999999998,-19.52938
s235,35456,28.723399999999998,-19.52938
s235,35457,28.723399999999998,-19.52938
s236,22441,31.067627,-19.447782
s236,22442,31.067627,-19.447782
s236,22443,31.067627,-19.447782
s236,22444,31.067627,-19.447782
s237,20651,30.416545,-18.749948
s237,20652,30.416545,-18.749948
s237,20653,30.416545,-18.749948
s237,20654,30.416545,-18.749948
s238,12031,28.877200000000002,-19.616010000000003
s238,12032,28.877200000000002,-19.616010000000003
s238,12033,28.877200000000002,-19.616010000000003
s238,34351,28.877200000000002,-19.616010000000003
s238,34356,28.877200000000002,-19.616010000000003
s238,34350,28.877200000000002,-19.616010000000003
s238,34352,28.877200000000002,-19.616010000000003
s238,34357,28.877200000000002,-19.616010000000003
s238,34355,28.877200000000002,-19.616010000000003
s238,34353,28.877200000000002,-19.616010000000003
s238,34358,28.877200000000002,-19.616010000000003
s238,34359,28.877200000000002,-19.616010000000003
s238,34354,28.877200000000002,-19.616010000000003
s238,35649,28.877200000000002,-19.616010000000003
s238,35644,28.877200000000002,-19.616010000000003
s239,22421,30.15711,-19.582810000000002
s239,22422,30.15711,-19.582810000000002
s239,22423,30.15711,-19.582810000000002
s240,20131,30.957175,-19.384646
s240,20132,30.957175,-19.384646
s240,20133,30.957175,-19.384646
s240,20134,30.957175,-19.384646
s240,40221,30.957175,-19.384646
s240,40222,30.957175,-19.384646
s240,40223,30.957175,-19.384646
s241,20871,30.89445,-19.24973
s241,20872,30.89445,-19.24973
s241,20873,30.89445,-19.24973
s242,14271,28.817921,-19.712635
s242,14272,28.817921,-19.712635
s242,14273,28.817921,-19.712635
s242,34661,28.817921,-19.712635
s242,34666,28.817921,-19.712635
s242,34663,28.817921,-19.712635
s242,34668,28.817921,-19.712635
s242,34660,28.817921,-19.712635
s242,34669,28.817921,-19.712635
s243,14051,28.7517,-19.52353
s243,14052,28.7517,-19.52353
s243,14053,28.7517,-19.52353
s243,34671,28.7517,-19.52353
s243,34676,28.7517,-19.52353
s243,34670,28.7517,-19.52353
s243,34672,28.7517,-19.52353
s243,34677,28.7517,-19.52353
s243,34675,28.7517,-19.52353
s243,34673,28.7517,-19.52353
s243,34678,28.7517,-19.52353
s243,34983,28.7517,-19.52353
s243,34674,28.7517,-19.52353
s243,34679,28.7517,-19.52353
s243,34984,28.7517,-19.52353
s243,34985,28.7517,-19.52353
s243,34980,28.7517,-19.52353
s243,34989,28.7517,-19.52353
s243,34986,28.7517,-19.52353
s243,34987,28.7517,-19.52353
s243,34988,28.7517,-19.52353
s244,22521,30.991390000000003,-19.878379
s244,22522,30.991390000000003,-19.878379
s244,22523,30.991390000000003,-19.878379
s244,22524,30.991390000000003,-19.878379
s245,22381,30.693905,-20.684845
s245,22382,30.693905,-20.684845
s245,22383,30.693905,-20.684845
s245,22384,30.693905,-20.684845
s246,20881,29.5853,-18.930329999999998
s246,20882,29.5853,-18.930329999999998
s246,20883,29.5853,-18.930329999999998
s247,20891,29.665979999999998,-19.33183
s247,20892,29.665979999999998,-19.33183
s247,20893,29.665979999999998,-19.33183
s248,10171,28.735951999999997,-19.586365
s248,10172,28.735951999999997,-19.586365
s248,10173,28.735951999999997,-19.586365
s248,10177,28.735951999999997,-19.586365
s248,10178,28.735951999999997,-19.586365
s248,35571,28.735951999999997,-19.586365
s248,35576,28.735951999999997,-19.586365
s248,35570,28.735951999999997,-19.586365
s248,35572,28.735951999999997,-19.586365
s248,35577,28.735951999999997,-19.586365
s248,35575,28.735951999999997,-19.586365
s248,35573,28.735951999999997,-19.586365
s248,35578,28.735951999999997,-19.586365
s248,35579,28.735951999999997,-19.586365
s249,21116,30.281205999999997,-18.338312000000002
s249,21117,30.281205999999997,-18.338312000000002
s250,21126,29.952909,-19.11093
s250,21127,29.952909,-19.11093
s250,21128,29.952909,-19.11093
s250,40541,29.952909,-19.11093
s250,40546,29.952909,-19.11093
s250,40540,29.952909,-19.11093
s250,40542,29.952909,-19.11093
s250,40547,29.952909,-19.11093
s250,40545,29.952909,-19.11093
s250,40543,29.952909,-19.11093
s250,40548,29.952909,-19.11093
s250,40549,29.952909,-19.11093
s251,21131,29.969582000000003,-19.080427999999998
s251,21132,29.969582000000003,-19.080427999999998
s251,21133,29.969582000000003,-19.080427999999998
s252,10336,28.938105,-19.679244
s252,10337,28.938105,-19.679244
s252,10338,28.938105,-19.679244
s252,35581,28.938105,-19.679244
s252,35586,28.938105,-19.679244
s252,35580,28.938105,-19.679244
s252,35582,28.938105,-19.679244
s252,35587,28.938105,-19.679244
s252,35585,28.938105,-19.679244
s252,35583,28.938105,-19.679244
s252,35588,28.938105,-19.679244
s252,35589,28.938105,-19.679244
s253,21141,29.958626000000002,-19.182084
s253,21142,29.958626000000002,-19.182084
s253,21143,29.958626000000002,-19.182084
s253,21144,29.958626000000002,-19.182084
s254,10346,28.761287,-19.549438000000002
s254,10347,28.761287,-19.549438000000002
s254,10348,28.761287,-19.549438000000002
s255,12261,29.0109,-19.652369999999998
s255,12262,29.0109,-19.652369999999998
s255,12263,29.0109,-19.652369999999998
s255,12264,29.0109,-19.652369999999998
s256,21151,31.326067000000002,-19.994144
s256,21152,31.326067000000002,-19.994144
s256,21153,31.326067000000002,-19.994144
s256,21154,31.326067000000002,-19.994144
s257,21161,31.293772,-19.60405
s257,21162,31.293772,-19.60405
s258,14361,28.743633000000003,-19.538154
s258,14362,28.743633000000003,-19.538154
s258,14367,28.743633000000003,-19.538154
s258,35811,28.743633000000003,-19.538154
s258,35816,28.743633000000003,-19.538154
s258,35810,28.743633000000003,-19.538154
s258,35812,28.743633000000003,-19.538154
s258,35817,28.743633000000003,-19.538154
s258,35815,28.743633000000003,-19.538154
s259,14373,28.756664,-19.534164
s259,14374,28.756664,-19.534164
s259,14376,28.756664,-19.534164
s259,14377,28.756664,-19.534164
s259,14378,28.756664,-19.534164
s259,14379,28.756664,-19.534164
s259,35821,28.756664,-19.534164
s259,35826,28.756664,-19.534164
s259,35820,28.756664,-19.534164
s259,35822,28.756664,-19.534164
s259,35827,28.756664,-19.534164
s259,35825,28.756664,-19.534164
s259,35823,28.756664,-19.534164
s259,35828,28.756664,-19.534164
s259,35829,28.756664,-19.534164
s260,21076,29.764088,-19.298292
s260,21077,29.764088,-19.298292
s261,20901,30.857506,-20.225716
s261,20902,30.857506,-20.225716
s261,20903,30.857506,-20.225716
s261,20904,30.857506,-20.225716
s262,22561,29.910349,-20.435253
s262,22562,29.910349,-20.435253
s262,22563,29.910349,-20.435253
s263,22571,31.05493,-19.836885000000002
s263,22572,31.05493,-19.836885000000002
s263,22573,31.05493,-19.836885000000002
s264,21081,30.089219,-18.674956
s264,21082,30.089219,-18.674956
s264,21083,30.089219,-18.674956
s264,21084,30.089219,-18.674956
s265,21171,30.451076,-18.290815000000002
s265,21172,30.451076,-18.290815000000002
s265,21173,30.451076,-18.290815000000002
s265,21174,30.451076,-18.290815000000002
s266,34201,28.766995,-19.510885000000002
s266,34206,28.766995,-19.510885000000002
s266,34200,28.766995,-19.510885000000002
s266,34202,28.766995,-19.510885000000002
s266,34207,28.766995,-19.510885000000002
s266,34205,28.766995,-19.510885000000002
s266,34203,28.766995,-19.510885000000002
s266,34208,28.766995,-19.510885000000002
s266,34209,28.766995,-19.510885000000002
